Ascending,Descending
2001-01-09 13:53,2001-01-22 22:22
2001-02-06 00:48,2001-02-19 02:52
2001-03-05 07:23,2001-03-18 04:58
2001-04-01 09:01,2001-04-14 06:52
2001-04-28 09:43,2001-05-11 11:02
2001-05-25 13:51,2001-06-07 17:37
2001-06-21 22:11,2001-07-05 00:48
2001-07-19 08:24,2001-08-01 06:21
2001-08-15 17:05,2001-08-28 09:09
2001-09-11 21:36,2001-09-24 10:28
2001-10-08 22:32,2001-10-21 13:22
2001-11-04 23:58,2001-11-17 19:51
2001-12-02 05:30,2001-12-15 04:32
2001-12-29 14:51,2002-01-11 11:56
2002-01-26 00:27,2002-02-07 15:33
2002-02-22 06:26,2002-03-06 16:19
2002-03-21 08:14,2002-04-02 18:20
2002-04-17 09:15,2002-04-30 00:29
2002-05-14 13:00,2002-05-27 09:39
2002-06-10 20:00,2002-06-23 18:39
2002-07-08 04:15,2002-07-21 00:41
2002-08-04 11:03,2002-08-17 02:54
2002-08-31 14:43,2002-09-13 03:39
2002-09-27 16:06,2002-10-10 07:07
2002-10-24 18:18,2002-11-06 15:22
2002-11-20 23:26,2002-12-04 02:12
2002-12-18 06:47,2002-12-31 11:16
2003-01-14 13:38,2003-01-27 15:23
2003-02-10 17:39,2003-02-23 15:47
2003-03-09 19:23,2003-03-22 17:37
2003-04-05 21:41,2003-04-19 00:24
2003-05-03 02:17,2003-05-16 10:51
2003-05-30 08:33,2003-06-12 21:16
2003-06-26 14:34,2003-07-10 04:17
2003-07-23 18:44,2003-08-06 06:49
2003-08-19 21:08,2003-09-02 07:23
2003-09-15 23:28,2003-09-29 10:34
2003-10-13 03:40,2003-10-26 18:43
2003-11-09 09:48,2003-11-23 06:02
2003-12-06 16:00,2003-12-20 16:07
2004-01-02 20:11,2004-01-16 21:08
2004-01-29 22:07,2004-02-12 21:44
2004-02-26 00:15,2004-03-10 23:05
2004-03-24 04:55,2004-04-07 05:05
2004-04-20 11:40,2004-05-04 15:00
2004-05-17 18:17,2004-06-01 01:20
2004-06-13 22:49,2004-06-28 08:37
2004-07-11 00:59,2004-07-25 11:29
2004-08-07 02:41,2004-08-21 12:11
2004-09-03 06:34,2004-09-17 14:51
2004-09-30 13:30,2004-10-14 21:47
2004-10-27 21:41,2004-11-11 07:43
2004-11-24 04:05,2004-12-08 16:57
2004-12-21 06:51,2005-01-04 21:52
2005-01-17 07:32,2005-01-31 22:49
2005-02-13 10:25,2005-02-28 00:10
2005-03-12 17:37,2005-03-27 05:15
2005-04-09 02:59,2005-04-23 13:30
2005-05-06 10:56,2005-05-20 22:02
2005-06-02 15:14,2005-06-17 03:59
2005-06-29 16:29,2005-07-14 06:35
2005-07-26 17:58,2005-08-10 07:53
2005-08-22 23:05,2005-09-06 10:52
2005-09-19 08:09,2005-10-03 16:51
2005-10-16 18:25,2005-10-31 00:32
2005-11-13 02:02,2005-11-27 07:13
2005-12-10 04:50,2005-12-24 10:43
2006-01-06 05:01,2006-01-20 12:06
2006-02-02 08:02,2006-02-16 14:38
2006-03-01 16:25,2006-03-15 19:52
2006-03-29 03:31,2006-04-12 02:35
2006-04-25 12:59,2006-05-09 08:29
2006-05-22 18:00,2006-06-05 12:10
2006-06-18 19:11,2006-07-02 14:19
2006-07-15 20:25,2006-07-29 16:58
2006-08-12 01:31,2006-08-25 21:34
2006-09-08 11:01,2006-09-22 03:42
2006-10-05 22:11,2006-10-19 09:34
2006-11-02 06:55,2006-11-15 13:25
2006-11-29 10:26,2006-12-12 15:19
2006-12-26 10:36,2007-01-08 17:44
2007-01-22 13:00,2007-02-04 22:44
2007-02-18 20:43,2007-03-04 05:31
2007-03-18 07:40,2007-03-31 11:41
2007-04-14 17:34,2007-04-27 15:27
2007-05-11 23:08,2007-05-24 17:16
2007-06-08 00:35,2007-06-20 19:32
2007-07-05 01:39,2007-07-18 00:18
2007-08-01 06:03,2007-08-14 07:25
2007-08-28 14:27,2007-09-10 14:49
2007-09-25 00:40,2007-10-07 20:03
2007-10-22 09:02,2007-11-03 22:09
2007-11-18 12:46,2007-11-30 23:09
2007-12-15 13:15,2007-12-28 02:57
2008-01-11 15:17,2008-01-24 10:49
2008-02-07 21:39,2008-02-20 20:01
2008-03-06 06:52,2008-03-19 02:53
2008-04-02 15:18,2008-04-15 05:48
2008-04-29 20:07,2008-05-12 06:37
2008-05-26 21:45,2008-06-08 09:15
2008-06-22 23:17,2008-07-05 15:53
2008-07-20 03:27,2008-08-02 01:21
2008-08-16 10:27,2008-08-29 10:30
2008-09-12 18:24,2008-09-25 16:20
2008-10-10 00:38,2008-10-22 18:00
2008-11-06 03:34,2008-11-18 18:37
2008-12-03 04:47,2008-12-15 23:02
2008-12-30 07:40,2009-01-12 08:34
2009-01-26 13:27,2009-02-08 19:46
2009-02-22 20:31,2009-03-08 04:05
2009-03-22 02:12,2009-04-04 07:22
2009-04-18 05:19,2009-05-01 07:50
2009-05-15 07:13,2009-05-28 10:19
2009-06-11 10:15,2009-06-24 17:24
2009-07-08 15:24,2009-07-22 03:47
2009-08-04 21:42,2009-08-18 14:06
2009-09-01 03:18,2009-09-14 20:56
2009-09-28 06:52,2009-10-11 23:01
2009-10-25 08:52,2009-11-07 23:25
2009-11-21 11:34,2009-12-05 03:18
2009-12-18 16:41,2010-01-01 12:30
2010-01-14 23:18,2010-01-29 00:02
2010-02-11 04:58,2010-02-25 09:11
2010-03-10 08:07,2010-03-24 13:05
2010-04-06 09:45,2010-04-20 13:38
2010-05-03 12:35,2010-05-17 15:39
2010-05-30 18:07,2010-06-13 21:54
2010-06-27 01:19,2010-07-11 07:30
2010-07-24 07:59,2010-08-07 17:24
2010-08-20 12:13,2010-09-04 00:16
2010-09-16 13:56,2010-10-01 02:42
2010-10-13 15:36,2010-10-28 03:15
2010-11-09 20:14,2010-11-24 06:27
2010-12-07 04:15,2010-12-21 14:08
2011-01-03 12:48,2011-01-18 00:06
2011-01-30 18:29,2011-02-14 08:14
2011-02-26 20:19,2011-03-13 11:55
2011-03-25 21:09,2011-04-09 12:48
2011-04-22 01:05,2011-05-06 14:54
2011-05-19 09:03,2011-06-02 20:21
2011-06-15 18:35,2011-06-30 04:14
2011-07-13 02:27,2011-07-27 12:03
2011-08-09 06:35,2011-08-23 17:23
2011-09-05 07:36,2011-09-19 19:38
2011-10-02 09:09,2011-10-16 21:01
2011-10-29 14:59,2011-11-13 00:35
2011-11-26 01:02,2011-12-10 07:04
2011-12-23 11:36,2012-01-06 14:30
2012-01-19 18:26,2012-02-02 20:02
2012-02-15 20:16,2012-02-29 22:37
2012-03-13 20:41,2012-03-28 00:19
2012-04-10 00:47,2012-04-24 03:44
2012-05-07 09:43,2012-05-21 09:21
2012-06-03 20:38,2012-06-17 15:43
2012-07-01 05:45,2012-07-14 20:55
2012-07-28 10:34,2012-08-11 00:04
2012-08-24 11:38,2012-09-07 02:08
2012-09-20 12:54,2012-10-04 05:15
2012-10-17 18:27,2012-10-31 10:36
2012-11-14 04:37,2012-11-27 17:05
2012-12-11 15:57,2012-12-24 22:27
2013-01-07 23:50,2013-01-21 01:19
2013-02-04 02:14,2013-02-17 02:57
2013-03-03 02:30,2013-03-16 06:15
2013-03-30 05:55,2013-04-12 12:12
2013-04-26 14:07,2013-05-09 19:12
2013-05-24 00:40,2013-06-06 00:59
2013-06-20 09:51,2013-07-03 04:15
2013-07-17 14:58,2013-07-30 05:50
2013-08-13 16:20,2013-08-26 08:19
2013-09-09 17:29,2013-09-22 13:48
2013-10-06 22:08,2013-10-19 21:47
2013-11-03 06:52,2013-11-16 05:30
2013-11-30 16:59,2013-12-13 10:10
2013-12-28 00:21,2014-01-09 11:26
2014-01-24 02:55,2014-02-05 12:41
2014-02-20 03:28,2014-03-04 17:45
2014-03-19 06:30,2014-04-01 02:30
2014-04-15 13:22,2014-04-28 11:36
2014-05-12 22:06,2014-05-25 17:56
2014-06-09 05:36,2014-06-21 20:30
2014-07-06 09:50,2014-07-18 21:21
2014-08-02 11:26,2014-08-15 00:18
2014-08-29 13:14,2014-09-11 07:32
2014-09-25 17:41,2014-10-08 17:44
2014-10-23 00:46,2014-11-05 03:13
2014-11-19 08:18,2014-12-02 08:32
2014-12-16 13:27,2014-12-29 09:27
2015-01-12 15:33,2015-01-25 10:23
2015-02-08 17:10,2015-02-21 16:05
2015-03-07 21:04,2015-03-21 02:19
2015-04-04 03:17,2015-04-17 13:07
2015-05-01 09:50,2015-05-14 20:37
2015-05-28 14:40,2015-06-10 23:30
2015-06-24 17:23,2015-07-08 00:07
2015-07-21 19:32,2015-08-04 02:53
2015-08-17 23:05,2015-08-31 10:16
2015-09-14 04:38,2015-09-27 21:04
2015-10-11 10:54,2015-10-25 07:37
2015-11-07 15:53,2015-11-21 13:56
2015-12-04 18:33,2015-12-18 15:13
2015-12-31 20:19,2016-01-14 15:48
2016-01-27 23:58,2016-02-10 20:46
2016-02-24 06:10,2016-03-09 06:31
2016-03-22 12:59,2016-04-05 17:27
2016-04-18 18:04,2016-05-03 01:27
2016-05-15 20:39,2016-05-30 04:45
2016-06-11 22:20,2016-06-26 05:28
2016-07-09 01:41,2016-07-23 07:49
2016-08-05 07:48,2016-08-19 14:14
2016-09-01 15:27,2016-09-15 23:55
2016-09-28 22:06,2016-10-13 09:43
2016-10-26 01:44,2016-11-09 15:57
2016-11-22 02:48,2016-12-06 17:35
2016-12-19 04:46,2017-01-02 18:14
2017-01-15 10:45,2017-01-29 22:21
2017-02-11 19:49,2017-02-26 06:28
2017-03-11 04:17,2017-03-25 15:41
2017-04-07 09:14,2017-04-21 22:30
2017-05-04 10:42,2017-05-19 01:30
2017-05-31 11:56,2017-06-15 02:40
2017-06-27 16:26,2017-07-12 05:17
2017-07-25 00:46,2017-08-08 10:56
2017-08-21 10:34,2017-09-04 18:41
2017-09-17 18:28,2017-10-02 02:05
2017-10-14 22:10,2017-10-29 06:41
2017-11-10 22:40,2017-11-25 08:22
2017-12-08 00:39,2017-12-22 10:04
2018-01-04 07:48,2018-01-18 14:28
2018-01-31 18:46,2018-02-14 21:11
2018-02-28 05:03,2018-03-14 03:48
2018-03-27 10:56,2018-04-10 08:09
2018-04-23 12:19,2018-05-07 10:24
2018-05-20 13:13,2018-06-03 12:39
2018-06-16 17:50,2018-06-30 16:44
2018-07-14 02:50,2018-07-27 22:40
2018-08-10 13:40,2018-08-24 04:51
2018-09-06 22:42,2018-09-20 09:30
2018-10-04 03:10,2018-10-17 12:03
2018-10-31 03:46,2018-11-13 14:04
2018-11-27 05:18,2018-12-10 17:57
2018-12-24 11:54,2019-01-07 00:08
2019-01-20 22:48,2019-02-03 06:35
2019-02-17 09:42,2019-03-02 11:03
2019-03-16 16:22,2019-03-29 13:08
2019-04-12 18:08,2019-04-25 15:02
2019-05-09 18:50,2019-05-22 19:12
2019-06-05 22:46,2019-06-19 01:49
2019-07-03 06:53,2019-07-16 09:05
2019-07-30 17:02,2019-08-12 14:45
2019-08-27 01:50,2019-09-08 17:35
2019-09-23 06:30,2019-10-05 18:49
2019-10-20 07:28,2019-11-01 21:40
2019-11-16 08:48,2019-11-29 04:13
2019-12-13 14:15,2019-12-26 13:01
2020-01-09 23:29,2020-01-22 20:31
2020-02-06 08:59,2020-02-19 00:12
2020-03-04 14:58,2020-03-17 01:00
2020-03-31 16:51,2020-04-13 02:58
2020-04-27 17:54,2020-05-10 09:01
2020-05-24 21:34,2020-06-06 18:10
2020-06-21 04:24,2020-07-04 03:18
2020-07-18 12:33,2020-07-31 09:32
2020-08-14 19:22,2020-08-27 11:52
2020-09-10 23:05,2020-09-23 12:33
2020-10-08 00:29,2020-10-20 15:53
2020-11-04 02:39,2020-11-17 00:07
2020-12-01 07:46,2020-12-14 11:03
2020-12-28 15:03,2021-01-10 20:15
2021-01-24 21:47,2021-02-07 00:29
2021-02-21 01:44,2021-03-06 00:56
2021-03-20 03:31,2021-04-02 02:41
2021-04-16 05:53,2021-04-29 09:18
2021-05-13 10:29,2021-05-26 19:38
2021-06-09 16:42,2021-06-23 06:07
2021-07-06 22:41,2021-07-20 13:22
2021-08-03 02:51,2021-08-16 16:04
2021-08-30 05:13,2021-09-12 16:35
2021-09-26 07:33,2021-10-09 19:35
2021-10-23 11:47,2021-11-06 03:38
2021-11-19 17:59,2021-12-03 14:58
2021-12-17 00:12,2021-12-31 01:07
2022-01-13 04:19,2022-01-27 06:14
2022-02-09 06:12,2022-02-23 06:54
2022-03-08 08:22,2022-03-22 08:12
2022-04-04 13:05,2022-04-18 14:01
2022-05-01 19:53,2022-05-15 23:44
2022-05-29 02:33,2022-06-12 10:02
2022-06-25 07:10,2022-07-09 17:28
2022-07-22 09:21,2022-08-05 20:30
2022-08-18 10:59,2022-09-01 21:12
2022-09-14 14:49,2022-09-28 23:43
2022-10-11 21:49,2022-10-26 06:30
2022-11-08 06:08,2022-11-22 16:23
2022-12-05 12:39,2022-12-20 01:36
2023-01-01 15:25,2023-01-16 06:32
2023-01-28 16:05,2023-02-12 07:31
2023-02-24 18:56,2023-03-11 08:53
2023-03-24 02:08,2023-04-07 13:51
2023-04-20 11:32,2023-05-04 21:57
2023-05-17 19:36,2023-06-01 06:23
2023-06-14 00:05,2023-06-28 12:22
2023-07-11 01:23,2023-07-25 15:05
2023-08-07 02:46,2023-08-21 16:23
2023-09-03 07:44,2023-09-17 19:18
2023-09-30 16:49,2023-10-15 01:11
2023-10-28 03:14,2023-11-11 08:49
2023-11-24 11:02,2023-12-08 15:24
2023-12-21 13:54,2024-01-04 18:52
2024-01-17 14:05,2024-01-31 20:17
2024-02-13 17:01,2024-02-27 22:53
2024-03-12 01:18,2024-03-26 04:07
2024-04-08 12:20,2024-04-22 10:45
2024-05-05 21:54,2024-05-19 16:35
2024-06-02 03:08,2024-06-15 20:17
2024-06-29 04:26,2024-07-12 22:27
2024-07-26 05:33,2024-08-09 01:06
2024-08-22 10:27,2024-09-05 05:43
2024-09-18 19:51,2024-10-02 11:52
2024-10-16 07:05,2024-10-29 17:44
2024-11-12 15:59,2024-11-25 21:31
2024-12-09 19:36,2024-12-22 23:21
2025-01-05 19:46,2025-01-19 01:48
2025-02-01 22:06,2025-02-15 06:53
2025-03-01 05:40,2025-03-14 13:45
2025-03-28 16:29,2025-04-10 19:56
2025-04-25 02:23,2025-05-07 23:44
2025-05-22 08:05,2025-06-04 01:33
2025-06-18 09:41,2025-07-01 03:46
2025-07-15 10:42,2025-07-28 08:30
2025-08-11 14:53,2025-08-24 15:41
2025-09-07 23:08,2025-09-20 23:13
2025-10-05 09:20,2025-10-18 04:34
2025-11-01 17:46,2025-11-14 06:38
2025-11-28 21:33,2025-12-11 07:35
2025-12-25 22:03,2026-01-07 11:22
2026-01-22 00:03,2026-02-03 19:18
2026-02-18 06:19,2026-03-03 04:35
2026-03-17 15:22,2026-03-30 11:34
2026-04-13 23:43,2026-04-26 14:36
2026-05-11 04:36,2026-05-23 15:26
2026-06-07 06:19,2026-06-19 17:57
2026-07-04 07:51,2026-07-17 00:27
2026-07-31 11:54,2026-08-13 09:56
2026-08-27 18:47,2026-09-09 19:17
2026-09-24 02:40,2026-10-07 01:19
2026-10-21 08:53,2026-11-03 03:02
2026-11-17 11:49,2026-11-30 03:34
2026-12-14 13:04,2026-12-27 07:55
2027-01-10 15:58,2027-01-23 17:26
2027-02-06 21:44,2027-02-20 04:40
2027-03-06 04:41,2027-03-19 13:05
2027-04-02 10:17,2027-04-15 16:31
2027-04-29 13:24,2027-05-12 17:03
2027-05-26 15:22,2027-06-08 19:23
2027-06-22 18:25,2027-07-06 02:14
2027-07-19 23:33,2027-08-02 12:33
2027-08-16 05:51,2027-08-29 23:01
2027-09-12 11:26,2027-09-26 06:04
2027-10-09 14:58,2027-10-23 08:15
2027-11-05 16:54,2027-11-19 08:34
2027-12-02 19:38,2027-12-16 12:21
2027-12-30 00:51,2028-01-12 21:27
2028-01-26 07:31,2028-02-09 08:56
2028-02-22 13:11,2028-03-07 18:06
2028-03-20 16:19,2028-04-03 22:08
2028-04-16 17:56,2028-04-30 22:47
2028-05-13 20:46,2028-05-28 00:41
2028-06-10 02:18,2028-06-24 06:42
2028-07-07 09:34,2028-07-21 16:09
2028-08-03 16:20,2028-08-18 02:04
2028-08-30 20:39,2028-09-14 09:06
2028-09-26 22:21,2028-10-11 11:37
2028-10-23 23:55,2028-11-07 12:08
2028-11-20 04:34,2028-12-04 15:14
2028-12-17 12:41,2028-12-31 22:49
2029-01-13 21:21,2029-01-28 08:40
2029-02-10 03:07,2029-02-24 16:44
2029-03-09 05:00,2029-03-23 20:28
2029-04-05 05:50,2029-04-19 21:27
2029-05-02 09:41,2029-05-16 23:31
2029-05-29 17:34,2029-06-13 04:49
2029-06-26 03:09,2029-07-10 12:33
2029-07-23 11:12,2029-08-06 20:21
2029-08-19 15:32,2029-09-03 01:43
2029-09-15 16:33,2029-09-30 04:00
2029-10-12 17:59,2029-10-27 05:23
2029-11-08 23:44,2029-11-23 08:55
2029-12-06 09:51,2029-12-20 15:21
2030-01-02 20:31,2030-01-16 22:41
2030-01-30 03:28,2030-02-13 04:07
2030-02-26 05:23,2030-03-12 06:43
2030-03-25 05:48,2030-04-08 08:29
2030-04-21 09:46,2030-05-05 11:55
2030-05-18 18:32,2030-06-01 17:30
2030-06-15 05:24,2030-06-28 23:50
2030-07-12 14:42,2030-07-26 05:01
2030-08-08 19:44,2030-08-22 08:09
2030-09-04 20:52,2030-09-18 10:12
2030-10-01 22:00,2030-10-15 13:20
2030-10-29 03:24,2030-11-11 18:45
2030-11-25 13:32,2030-12-09 01:17
2030-12-23 00:54,2031-01-05 06:37
2031-01-19 08:51,2031-02-01 09:25
2031-02-15 11:21,2031-02-28 11:02
2031-03-14 11:38,2031-03-27 14:22
2031-04-10 14:56,2031-04-23 20:23
2031-05-07 22:55,2031-05-21 03:26
2031-06-04 09:20,2031-06-17 09:18
2031-07-01 18:35,2031-07-14 12:38
2031-07-28 23:54,2031-08-10 14:10
2031-08-25 01:21,2031-09-06 16:34
2031-09-21 02:24,2031-10-03 22:04
2031-10-18 06:54,2031-10-31 06:09
2031-11-14 15:32,2031-11-27 14:01
2031-12-12 01:37,2031-12-24 18:44
2032-01-08 08:58,2032-01-20 20:00
2032-02-04 11:35,2032-02-16 21:13
2032-03-02 12:11,2032-03-15 02:16
2032-03-29 15:09,2032-04-11 11:00
2032-04-25 21:52,2032-05-08 20:11
2032-05-23 06:27,2032-06-05 02:41
2032-06-19 13:56,2032-07-02 05:24
2032-07-16 18:15,2032-07-29 06:13
2032-08-12 19:55,2032-08-25 09:01
2032-09-08 21:41,2032-09-21 16:10
2032-10-06 02:03,2032-10-19 02:27
2032-11-02 09:04,2032-11-15 12:07
2032-11-29 16:30,2032-12-12 17:34
2032-12-26 21:36,2033-01-08 18:31
2033-01-22 23:41,2033-02-04 19:25
2033-02-19 01:22,2033-03-04 01:01
2033-03-18 05:18,2033-03-31 11:09
2033-04-14 11:28,2033-04-27 21:57
2033-05-11 17:56,2033-05-25 05:37
2033-06-07 22:45,2033-06-21 08:42
2033-07-05 01:29,2033-07-18 09:20
2033-08-01 03:38,2033-08-14 11:54
2033-08-28 07:12,2033-09-10 19:07
2033-09-24 12:46,2033-10-08 05:55
2033-10-21 19:04,2033-11-04 16:35
2033-11-18 00:01,2033-12-01 23:03
2033-12-15 02:35,2033-12-29 00:23
2034-01-11 04:21,2034-01-25 00:56
2034-02-07 08:04,2034-02-21 05:47
2034-03-06 14:21,2034-03-20 15:22
2034-04-02 21:12,2034-04-17 02:12
2034-04-30 02:20,2034-05-14 10:17
2034-05-27 04:57,2034-06-10 13:46
2034-06-23 06:36,2034-07-07 14:33
2034-07-20 09:54,2034-08-03 16:44
2034-08-16 16:01,2034-08-30 22:58
2034-09-12 23:47,2034-09-27 08:33
2034-10-10 06:34,2034-10-24 18:23
2034-11-06 10:15,2034-11-21 00:41
2034-12-03 11:15,2034-12-18 02:21
2034-12-30 13:10,2035-01-14 03:01
2035-01-26 19:11,2035-02-10 07:03
2035-02-23 04:20,2035-03-09 15:01
2035-03-22 12:53,2035-04-06 00:06
2035-04-18 17:57,2035-05-03 06:54
2035-05-15 19:31,2035-05-30 10:00
2035-06-11 20:42,2035-06-26 11:14
2035-07-09 01:03,2035-07-23 13:46
2035-08-05 09:20,2035-08-19 19:18
2035-09-01 19:14,2035-09-16 02:58
2035-09-29 03:21,2035-10-13 10:19
2035-10-26 07:11,2035-11-09 14:55
2035-11-22 07:40,2035-12-06 16:36
2035-12-19 09:33,2036-01-02 18:21
2036-01-15 16:39,2036-01-29 22:45
2036-02-12 03:38,2036-02-26 05:24
2036-03-10 13:58,2036-03-24 11:54
2036-04-06 19:59,2036-04-20 16:14
2036-05-03 21:32,2036-05-17 18:30
2036-05-30 22:23,2036-06-13 20:47
2036-06-27 02:46,2036-07-11 00:53
2036-07-24 11:36,2036-08-07 06:48
2036-08-20 22:29,2036-09-03 12:59
2036-09-17 07:43,2036-09-30 17:36
2036-10-14 12:21,2036-10-27 20:06
2036-11-10 12:58,2036-11-23 22:06
2036-12-07 14:24,2036-12-21 02:03
2037-01-03 20:54,2037-01-17 08:20
2037-01-31 07:43,2037-02-13 14:49
2037-02-27 18:35,2037-03-12 19:15
2037-03-27 01:19,2037-04-08 21:20
2037-04-23 03:14,2037-05-05 23:13
2037-05-20 03:56,2037-06-02 03:23
2037-06-16 07:41,2037-06-29 10:01
2037-07-13 15:35,2037-07-26 17:23
2037-08-10 01:40,2037-08-22 23:10
2037-09-06 10:34,2037-09-19 02:02
2037-10-03 15:23,2037-10-16 03:12
2037-10-30 16:21,2037-11-12 05:59
2037-11-26 17:38,2037-12-09 12:36
2037-12-23 22:59,2038-01-05 21:32
2038-01-20 08:06,2038-02-02 05:08
2038-02-16 17:30,2038-03-01 08:52
2038-03-15 23:29,2038-03-28 09:42
2038-04-12 01:27,2038-04-24 11:37
2038-05-09 02:33,2038-05-21 17:34
2038-06-05 06:06,2038-06-18 02:42
2038-07-02 12:47,2038-07-15 11:58
2038-07-29 20:50,2038-08-11 18:25
2038-08-26 03:40,2038-09-07 20:51
2038-09-22 07:26,2038-10-04 21:28
2038-10-19 08:51,2038-11-01 00:41
2038-11-15 11:00,2038-11-28 08:54
2038-12-12 16:05,2038-12-25 19:56
2039-01-08 23:18,2039-01-22 05:13
2039-02-05 05:55,2039-02-18 09:34
2039-03-04 09:49,2039-03-17 10:05
2039-03-31 11:40,2039-04-13 11:46
2039-04-27 14:05,2039-05-10 18:11
2039-05-24 18:40,2039-06-07 04:24
2039-06-21 00:51,2039-07-04 14:57
2039-07-18 06:48,2039-07-31 22:26
2039-08-14 10:57,2039-08-28 01:19
2039-09-10 13:18,2039-09-24 01:47
2039-10-07 15:37,2039-10-21 04:37
2039-11-03 19:55,2039-11-17 12:34
2039-12-01 02:11,2039-12-14 23:54
2039-12-28 08:24,2040-01-11 10:06
2040-01-24 12:28,2040-02-07 15:18
2040-02-20 14:18,2040-03-05 16:03
2040-03-18 16:29,2040-04-01 17:18
2040-04-14 21:15,2040-04-28 22:56
2040-05-12 04:05,2040-05-26 08:27
2040-06-08 10:51,2040-06-22 18:43
2040-07-05 15:32,2040-07-20 02:18
2040-08-01 17:44,2040-08-16 05:30
2040-08-28 19:18,2040-09-12 06:11
2040-09-24 23:04,2040-10-09 08:33
2040-10-22 06:09,2040-11-05 15:13
2040-11-18 14:37,2040-12-03 01:02
2040-12-15 21:13,2040-12-30 10:13
