Date,Length,DistanceFromMean,TrueAnomaly
2001-01-24 13:07,29d 19h 14m,+07h01m,177.9
2001-02-23 08:21,29d 17h 00m,+04h16m,202.8
2001-03-25 01:21,29d 14h 05m,+01h21m,232.3
2001-04-23 15:26,29d 11h 20m,-01h24m,267.3
2001-05-23 02:46,29d 09h 12m,-03h32m,299.7
2001-06-21 11:58,29d 07h 47m,-04h57m,324.1
2001-07-20 19:44,29d 07h 11m,-05h33m,342.5
2001-08-19 02:55,29d 07h 32m,-05h12m,358.1
2001-09-17 10:27,29d 08h 56m,-03h48m,13.2
2001-10-16 19:23,29d 11h 17m,-01h27m,30.5
2001-11-15 06:40,29d 14h 07m,+01h23m,53.5
2001-12-14 20:47,29d 16h 41m,+03h57m,86.2
2002-01-13 13:29,29d 18h 12m,+05h28m,123.9
2002-02-12 07:41,29d 18h 22m,+05h38m,155.3
2002-03-14 02:03,29d 17h 19m,+04h35m,180.3
2002-04-12 19:21,29d 15h 24m,+02h40m,204.7
2002-05-12 10:45,29d 13h 01m,+00h17m,233.6
2002-06-10 23:47,29d 10h 40m,-02h05m,268.1
2002-07-10 10:26,29d 08h 49m,-03h55m,300.4
2002-08-08 19:15,29d 07h 55m,-04h49m,324.8
2002-09-07 03:10,29d 08h 07m,-04h37m,343.1
2002-10-06 11:18,29d 09h 17m,-03h27m,358.6
2002-11-04 20:34,29d 11h 00m,-01h44m,14.0
2002-12-04 07:34,29d 12h 48m,+00h04m,32.1
2003-01-02 20:23,29d 14h 26m,+01h41m,56.5
2003-02-01 10:48,29d 15h 47m,+03h03m,90.6
2003-03-03 02:35,29d 16h 44m,+04h00m,127.8
2003-04-01 19:19,29d 16h 56m,+04h12m,157.7
2003-05-01 12:15,29d 16h 05m,+03h21m,181.7
2003-05-31 04:20,29d 14h 19m,+01h35m,205.5
2003-06-29 18:39,29d 12h 14m,-00h30m,234.1
2003-07-29 06:53,29d 10h 34m,-02h10m,268.5
2003-08-27 17:26,29d 09h 43m,-03h01m,301.0
2003-09-26 03:09,29d 09h 41m,-03h03m,325.5
2003-10-25 12:50,29d 10h 09m,-02h35m,344.0
2003-11-23 22:59,29d 10h 44m,-02h00m,359.8
2003-12-23 09:43,29d 11h 22m,-01h22m,15.5
2004-01-21 21:05,29d 12h 13m,-00h31m,33.9
2004-02-20 09:18,29d 13h 24m,+00h40m,59.1
2004-03-20 22:41,29d 14h 40m,+01h56m,93.6
2004-04-19 13:21,29d 15h 31m,+02h47m,129.7
2004-05-19 04:52,29d 15h 35m,+02h51m,158.3
2004-06-17 20:27,29d 14h 57m,+02h13m,181.6
2004-07-17 11:24,29d 14h 00m,+01h16m,205.1
2004-08-16 01:24,29d 13h 05m,+00h21m,234.0
2004-09-14 14:29,29d 12h 19m,-00h25m,269.4
2004-10-14 02:48,29d 11h 39m,-01h05m,302.8
2004-11-12 14:27,29d 11h 02m,-01h42m,327.5
2004-12-12 01:29,29d 10h 34m,-02h10m,345.8
2005-01-10 12:03,29d 10h 25m,-02h19m,1.4
2005-02-08 22:28,29d 10h 42m,-02h02m,17.1
2005-03-10 09:10,29d 11h 22m,-01h22m,36.2
2005-04-08 20:32,29d 12h 13m,-00h31m,62.3
2005-05-08 08:45,29d 13h 10m,+00h26m,96.6
2005-06-06 21:55,29d 14h 07m,+01h23m,131.2
2005-07-06 12:02,29d 15h 02m,+02h18m,158.8
2005-08-05 03:05,29d 15h 41m,+02h57m,181.9
2005-09-03 18:45,29d 15h 42m,+02h58m,205.9
2005-10-03 10:28,29d 14h 57m,+02h13m,236.1
2005-11-02 01:25,29d 13h 36m,+00h52m,273.1
2005-12-01 15:01,29d 12h 11m,-00h33m,306.3
2005-12-31 03:12,29d 11h 03m,-01h41m,329.9
2006-01-29 14:15,29d 10h 16m,-02h28m,347.5
2006-02-28 00:31,29d 09h 44m,-03h00m,2.9
2006-03-29 10:15,29d 09h 29m,-03h15m,19.0
2006-04-27 19:44,29d 09h 42m,-03h02m,38.4
2006-05-27 05:26,29d 10h 40m,-02h04m,64.2
2006-06-25 16:05,29d 12h 26m,-00h18m,97.5
2006-07-25 04:31,29d 14h 39m,+01h55m,131.2
2006-08-23 19:10,29d 16h 35m,+03h51m,158.8
2006-09-22 11:45,29d 17h 29m,+04h45m,182.3
2006-10-22 05:14,29d 17h 04m,+04h20m,207.1
2006-11-20 22:18,29d 15h 43m,+02h59m,238.7
2006-12-20 14:01,29d 14h 00m,+01h16m,276.5
2007-01-19 04:01,29d 12h 14m,-00h30m,308.6
2007-02-17 16:14,29d 10h 28m,-02h16m,331.4
2007-03-19 02:43,29d 08h 53m,-03h51m,348.7
2007-04-17 11:36,29d 07h 51m,-04h53m,4.0
2007-05-16 19:27,29d 07h 46m,-04h58m,19.8
2007-06-15 03:13,29d 08h 51m,-03h53m,38.7
2007-07-14 12:04,29d 10h 59m,-01h45m,64.2
2007-08-12 23:03,29d 13h 42m,+00h58m,97.3
2007-09-11 12:44,29d 16h 16m,+03h32m,131.4
2007-10-11 05:01,29d 18h 02m,+05h18m,159.5
2007-11-09 23:03,29d 18h 37m,+05h53m,183.8
2007-12-09 17:40,29d 17h 57m,+05h13m,209.6
2008-01-08 11:37,29d 16h 07m,+03h23m,242.4
2008-02-07 03:45,29d 13h 30m,+00h46m,280.0
2008-03-07 17:14,29d 10h 41m,-02h03m,310.8
2008-04-06 03:55,29d 08h 23m,-04h21m,332.7
2008-05-05 12:18,29d 07h 04m,-05h40m,349.4
2008-06-03 19:23,29d 06h 56m,-05h48m,4.4
2008-07-03 02:19,29d 07h 54m,-04h50m,20.1
2008-08-01 10:13,29d 09h 45m,-02h59m,39.2
2008-08-30 19:58,29d 12h 14m,-00h30m,64.9
2008-09-29 08:12,29d 15h 02m,+02h18m,98.7
2008-10-28 23:14,29d 17h 41m,+04h57m,133.4
2008-11-27 16:55,29d 19h 28m,+06h44m,161.9
2008-12-27 12:22,29d 19h 33m,+06h49m,186.6
2009-01-26 07:55,29d 17h 40m,+04h56m,213.2
2009-02-25 01:35,29d 14h 31m,+01h47m,246.2
2009-03-26 16:06,29d 11h 17m,-01h27m,282.4
2009-04-25 03:23,29d 08h 48m,-03h56m,311.7
2009-05-24 12:11,29d 07h 24m,-05h20m,332.7
2009-06-22 19:35,29d 07h 00m,-05h44m,349.4
2009-07-22 02:35,29d 07h 27m,-05h17m,4.5
2009-08-20 10:02,29d 08h 43m,-04h01m,20.3
2009-09-18 18:44,29d 10h 49m,-01h55m,39.3
2009-10-18 05:33,29d 13h 41m,+00h57m,65.2
2009-11-16 19:14,29d 16h 48m,+04h04m,99.9
2009-12-16 12:02,29d 19h 09m,+06h25m,135.6
2010-01-15 07:11,29d 19h 40m,+06h56m,164.3
2010-02-14 02:51,29d 18h 10m,+05h26m,188.9
2010-03-15 21:01,29d 15h 28m,+02h44m,215.2
2010-04-14 12:29,29d 12h 35m,-00h09m,247.4
2010-05-14 01:04,29d 10h 10m,-02h34m,282.4
2010-06-12 11:15,29d 08h 26m,-04h18m,311.3
2010-07-11 19:40,29d 07h 28m,-05h16m,332.7
2010-08-10 03:08,29d 07h 22m,-05h22m,349.5
2010-09-08 10:30,29d 08h 15m,-04h29m,4.6
2010-10-07 18:44,29d 10h 07m,-02h37m,20.4
2010-11-06 04:52,29d 12h 44m,-00h00m,39.7
2010-12-05 17:36,29d 15h 27m,+02h43m,67.0
2011-01-04 09:03,29d 17h 28m,+04h44m,103.5
2011-02-03 02:31,29d 18h 15m,+05h31m,139.2
2011-03-04 20:46,29d 17h 46m,+05h02m,167.0
2011-04-03 14:32,29d 16h 18m,+03h34m,190.9
2011-05-03 06:51,29d 14h 12m,+01h28m,216.7
2011-06-01 21:03,29d 11h 51m,-00h53m,248.4
2011-07-01 08:54,29d 09h 46m,-02h58m,283.1
2011-07-30 18:40,29d 08h 24m,-04h20m,312.1
2011-08-29 03:04,29d 08h 05m,-04h39m,333.4
2011-09-27 11:09,29d 08h 47m,-03h57m,350.1
2011-10-26 19:56,29d 10h 14m,-02h30m,5.3
2011-11-25 06:10,29d 11h 57m,-00h47m,21.6
2011-12-24 18:06,29d 13h 33m,+00h49m,42.1
2012-01-23 07:39,29d 14h 55m,+02h11m,70.8
2012-02-21 22:35,29d 16h 03m,+03h18m,107.8
2012-03-22 14:37,29d 16h 41m,+03h57m,142.2
2012-04-21 07:18,29d 16h 29m,+03h45m,168.7
2012-05-20 23:47,29d 15h 15m,+02h31m,191.8
2012-06-19 15:02,29d 13h 22m,+00h38m,217.1
2012-07-19 04:24,29d 11h 30m,-01h14m,248.7
2012-08-17 15:54,29d 10h 16m,-02h28m,283.7
2012-09-16 02:11,29d 09h 52m,-02h52m,312.9
2012-10-15 12:02,29d 10h 05m,-02h39m,334.3
2012-11-13 22:08,29d 10h 34m,-02h10m,351.3
2012-12-13 08:42,29d 11h 02m,-01h42m,6.8
2013-01-11 19:44,29d 11h 36m,-01h08m,23.3
2013-02-10 07:20,29d 12h 31m,-00h13m,44.2
2013-03-11 19:51,29d 13h 44m,+01h00m,73.6
2013-04-10 09:35,29d 14h 53m,+02h09m,110.3
2013-05-10 00:28,29d 15h 28m,+02h44m,143.3
2013-06-08 15:56,29d 15h 18m,+02h34m,168.8
2013-07-08 07:14,29d 14h 36m,+01h52m,191.6
2013-08-06 21:51,29d 13h 45m,+01h01m,216.9
2013-09-05 11:36,29d 12h 58m,+00h14m,249.2
2013-10-05 00:34,29d 12h 15m,-00h29m,285.3
2013-11-03 12:50,29d 11h 32m,-01h12m,315.0
2013-12-03 00:22,29d 10h 52m,-01h52m,336.4
2014-01-01 11:14,29d 10h 24m,-02h20m,353.0
2014-01-30 21:39,29d 10h 21m,-02h23m,8.3
2014-03-01 08:00,29d 10h 45m,-01h59m,25.1
2014-03-30 18:45,29d 11h 30m,-01h14m,46.9
2014-04-29 06:14,29d 12h 26m,-00h18m,76.9
2014-05-28 18:40,29d 13h 28m,+00h44m,112.5
2014-06-27 08:08,29d 14h 33m,+01h49m,144.1
2014-07-26 22:42,29d 15h 31m,+02h47m,169.2
2014-08-25 14:13,29d 16h 01m,+03h17m,192.1
2014-09-24 06:14,29d 15h 43m,+02h59m,218.3
2014-10-23 21:57,29d 14h 36m,+01h52m,252.3
2014-11-22 12:32,29d 13h 04m,+00h20m,289.3
2014-12-22 01:36,29d 11h 38m,-01h06m,318.0
2015-01-20 13:14,29d 10h 34m,-02h10m,338.3
2015-02-18 23:47,29d 09h 49m,-02h55m,354.5
2015-03-20 09:36,29d 09h 21m,-03h23m,9.9
2015-04-18 18:57,29d 09h 16m,-03h28m,27.1
2015-05-18 04:13,29d 09h 52m,-02h52m,48.8
2015-06-16 14:05,29d 11h 19m,-01h25m,78.1
2015-07-16 01:24,29d 13h 29m,+00h45m,112.8
2015-08-14 14:53,29d 15h 48m,+03h04m,144.1
2015-09-13 06:41,29d 17h 24m,+04h40m,169.3
2015-10-13 00:06,29d 17h 41m,+04h57m,192.9
2015-11-11 17:47,29d 16h 42m,+03h58m,220.3
2015-12-11 10:29,29d 15h 01m,+02h17m,255.6
2016-01-10 01:31,29d 13h 08m,+00h24m,292.2
2016-02-08 14:39,29d 11h 16m,-01h28m,319.8
2016-03-09 01:54,29d 09h 29m,-03h15m,339.5
2016-04-07 11:24,29d 08h 06m,-04h38m,355.6
2016-05-06 19:29,29d 07h 30m,-05h14m,10.8
2016-06-05 03:00,29d 08h 01m,-04h43m,27.6
2016-07-04 11:01,29d 09h 44m,-03h01m,48.9
2016-08-02 20:45,29d 12h 19m,-00h25m,77.9
2016-09-01 09:03,29d 15h 08m,+02h24m,112.8
2016-10-01 00:11,29d 17h 27m,+04h43m,144.6
2016-10-30 17:38,29d 18h 40m,+05h56m,170.6
2016-11-29 12:18,29d 18h 35m,+05h51m,194.9
2016-12-29 06:53,29d 17h 14m,+04h30m,223.4
2017-01-28 00:07,29d 14h 51m,+02h07m,259.5
2017-02-26 14:58,29d 11h 59m,-00h45m,295.0
2017-03-28 02:57,29d 09h 19m,-03h25m,321.4
2017-04-26 12:16,29d 07h 28m,-05h16m,340.4
2017-05-25 19:44,29d 06h 46m,-05h58m,356.0
2017-06-24 02:31,29d 07h 15m,-05h29m,11.0
2017-07-23 09:46,29d 08h 45m,-03h59m,27.9
2017-08-21 18:30,29d 11h 00m,-01h44m,49.5
2017-09-20 05:30,29d 13h 42m,+00h58m,79.0
2017-10-19 19:12,29d 16h 30m,+03h46m,114.6
2017-11-18 11:42,29d 18h 48m,+06h04m,147.0
2017-12-18 06:30,29d 19h 47m,+07h03m,173.3
2018-01-17 02:17,29d 18h 48m,+07h03m,198.1
2018-02-15 21:05,29d 16h 06m,+03h22m,227.1
2018-03-17 13:12,29d 12h 46m,+00h02m,262.6
2018-04-16 01:57,29d 09h 51m,-02h53m,296.5
2018-05-15 11:48,29d 07h 55m,-04h49m,321.7
2018-06-13 19:43,29d 07h 05m,-05h39m,340.3
2018-07-13 02:48,29d 07h 10m,-05h34m,356.0
2018-08-11 09:58,29d 08h 04m,-04h40m,11.2
2018-09-09 18:01,29d 09h 45m,-02h59m,28.0
2018-10-09 03:47,29d 12h 15m,-00h29m,49.6
2018-11-07 16:02,29d 15h 18m,+02h34m,79.7
2018-12-07 07:20,29d 18h 08m,+05h24m,116.6
2019-01-06 01:28,29d 19h 35m,+06h51m,149.4
2019-02-04 21:04,29d 19h 00m,+06h16m,175.6
2019-03-06 16:04,29d 16h 47m,+04h02m,200.2
2019-04-05 08:50,29d 13h 55m,+01h11m,228.7
2019-05-04 22:45,29d 11h 16m,-01h28m,263.0
2019-06-03 10:02,29d 09h 14m,-03h30m,296.1
2019-07-02 19:16,29d 07h 56m,-04h48m,321.4
2019-08-01 03:12,29d 07h 25m,-05h19m,340.5
2019-08-30 10:37,29d 07h 49m,-04h55m,356.3
2019-09-28 18:26,29d 09h 12m,-03h32m,11.4
2019-10-28 03:38,29d 11h 27m,-01h17m,28.3
2019-11-26 15:06,29d 14h 08m,+01h23m,50.7
2019-12-26 05:13,29d 16h 29m,+03h45m,82.6
2020-01-24 21:42,29d 17h 50m,+05h06m,120.5
2020-02-23 15:32,29d 17h 56m,+05h12m,152.6
2020-03-24 09:28,29d 16h 58m,+04h14m,177.9
2020-04-23 02:26,29d 15h 13m,+02h29m,201.8
2020-05-22 17:39,29d 13h 03m,+00h19m,229.8
2020-06-21 06:41,29d 10h 52m,-01h53m,263.8
2020-07-20 17:33,29d 09h 09m,-03h35m,296.9
2020-08-19 02:42,29d 08h 19m,-04h26m,322.3
2020-09-17 11:00,29d 08h 31m,-04h13m,341.2
2020-10-16 19:31,29d 09h 36m,-03h08m,357.0
2020-11-15 05:07,29d 11h 09m,-01h35m,12.4
2020-12-14 16:17,29d 12h 44m,-00h00m,30.1
2021-01-13 05:00,29d 14h 05m,+01h21m,53.8
2021-02-11 19:06,29d 15h 15m,+02h31m,87.0
2021-03-13 10:21,29d 16h 10m,+03h26m,124.3
2021-04-12 02:31,29d 16h 29m,+03h45m,154.8
2021-05-11 19:00,29d 15h 53m,+03h09m,178.9
2021-06-10 10:53,29d 14h 24m,+01h40m,202.3
2021-07-10 01:17,29d 12h 34m,-00h11m,230.1
2021-08-08 13:50,29d 11h 02m,-01h42m,264.3
2021-09-07 00:52,29d 10h 14m,-02h30m,297.8
2021-10-06 11:05,29d 10h 09m,-02h35m,323.3
2021-11-04 21:15,29d 10h 28m,-02h16m,342.3
2021-12-04 07:43,29d 10h 50m,-01h54m,358.3
2022-01-02 18:33,29d 11h 13m,-01h32m,13.9
2022-02-01 05:46,29d 11h 49m,-00h55m,32.0
2022-03-02 17:35,29d 12h 50m,+00h06m,56.3
2022-04-01 06:24,29d 14h 04m,+01h20m,89.8
2022-04-30 20:28,29d 15h 02m,+02h18m,126.0
2022-05-30 11:30,29d 15h 22m,+02h38m,155.2
2022-06-29 02:52,29d 15h 03m,+02h19m,178.8
2022-07-28 17:55,29d 14h 22m,+01h38m,202.0
2022-08-27 08:17,29d 13h 37m,+00h53m,230.2
2022-09-25 21:54,29d 12h 54m,+00h10m,265.5
2022-10-25 10:49,29d 12h 09m,-00h36m,299.9
2022-11-23 22:57,29d 11h 20m,-01h24m,325.5
2022-12-23 10:17,29d 10h 36m,-02h08m,344.3
2023-01-21 20:53,29d 10h 13m,-02h31m,360.0
2023-02-20 07:06,29d 10h 17m,-02h27m,15.6
2023-03-21 17:23,29d 10h 49m,-01h55m,34.1
2023-04-20 04:12,29d 11h 41m,-01h03m,59.2
2023-05-19 15:53,29d 12h 44m,-00h00m,92.6
2023-06-18 04:37,29d 13h 55m,+01h11m,127.4
2023-07-17 18:32,29d 15h 06m,+02h22m,155.7
2023-08-16 09:38,29d 16h 02m,+03h18m,179.2
2023-09-15 01:40,29d 16h 15m,+03h31m,202.9
2023-10-14 17:55,29d 15h 32m,+02h48m,232.5
2023-11-13 09:27,29d 14h 05m,+01h21m,269.5
2023-12-12 23:32,29d 12h 25m,-00h19m,303.6
2024-01-11 11:57,29d 11h 02m,-01h42m,328.0
2024-02-09 22:59,29d 10h 01m,-02h43m,345.9
2024-03-10 09:00,29d 09h 20m,-03h24m,1.4
2024-04-08 18:21,29d 09h 01m,-03h43m,17.2
2024-05-08 03:22,29d 09h 16m,-03h28m,36.0
2024-06-06 12:38,29d 10h 20m,-02h24m,60.7
2024-07-05 22:57,29d 12h 16m,-00h28m,93.2
2024-08-04 11:13,29d 14h 43m,+01h58m,127.3
2024-09-03 01:56,29d 16h 54m,+04h10m,155.7
2024-10-02 18:49,29d 17h 58m,+05h14m,179.7
2024-11-01 12:47,29d 17h 34m,+04h50m,204.3
2024-12-01 06:21,29d 16h 05m,+03h21m,235.3
2024-12-30 22:27,29d 14h 09m,+01h25m,272.9
2025-01-29 12:36,29d 12h 09m,-00h35m,305.9
2025-02-28 00:45,29d 10h 13m,-02h31m,329.3
2025-03-29 10:58,29d 08h 33m,-04h11m,346.9
2025-04-27 19:31,29d 07h 31m,-05h13m,2.3
2025-05-27 03:02,29d 07h 29m,-05h15m,17.8
2025-06-25 10:32,29d 08h 40m,-04h04m,36.2
2025-07-24 19:11,29d 10h 55m,-01h49m,60.5
2025-08-23 06:06,29d 13h 48m,+01h04m,93.0
2025-09-21 19:54,29d 16h 31m,+03h47m,127.7
2025-10-21 12:25,29d 18h 22m,+05h38m,156.8
2025-11-20 06:47,29d 18h 56m,+06h12m,181.4
2025-12-20 01:43,29d 18h 09m,+05h25m,207.0
2026-01-18 19:52,29d 16h 09m,+03h25m,239.0
2026-02-17 12:01,29d 13h 22m,+00h38m,276.3
2026-03-19 01:23,29d 10h 28m,-02h16m,307.9
2026-04-17 11:52,29d 08h 09m,-04h35m,330.4
2026-05-16 20:01,29d 06h 53m,-05h51m,347.5
2026-06-15 02:54,29d 06h 49m,-05h55m,2.5
2026-07-14 09:44,29d 07h 53m,-04h51m,18.0
2026-08-12 17:37,29d 09h 50m,-02h54m,36.5
2026-09-11 03:27,29d 12h 23m,-00h21m,61.3
2026-10-10 15:50,29d 15h 12m,+02h28m,94.5
2026-11-09 07:02,29d 17h 50m,+05h06m,129.9
2026-12-09 00:52,29d 19h 33m,+06h48m,159.4
2027-01-07 20:24,29d 19h 32m,+06h48m,184.3
2027-02-06 15:56,29d 17h 33m,+04h49m,210.4
2027-03-08 09:29,29d 14h 22m,+01h38m,242.4
2027-04-06 23:51,29d 11h 07m,-01h37m,278.5
2027-05-06 10:59,29d 08h 42m,-04h02m,308.6
2027-06-04 19:40,29d 07h 22m,-05h22m,330.4
2027-07-04 03:02,29d 07h 03m,-05h41m,347.4
2027-08-02 10:05,29d 07h 36m,-05h08m,2.6
2027-08-31 17:41,29d 08h 55m,-03h49m,18.2
2027-09-30 02:36,29d 11h 00m,-01h44m,36.7
2027-10-29 13:36,29d 13h 48m,+01h04m,61.7
2027-11-28 03:24,29d 16h 48m,+04h04m,96.0
2027-12-27 20:12,29d 19h 00m,+06h16m,132.4
2028-01-26 15:12,29d 19h 25m,+06h41m,161.9
2028-02-25 10:37,29d 17h 54m,+05h10m,186.5
2028-03-26 04:31,29d 15h 16m,+02h32m,212.1
2028-04-24 19:47,29d 12h 29m,-00h15m,243.3
2028-05-24 08:16,29d 10h 11m,-02h33m,278.2
2028-06-22 18:27,29d 08h 34m,-04h10m,308.1
2028-07-22 03:02,29d 07h 42m,-05h02m,330.4
2028-08-20 10:44,29d 07h 40m,-05h04m,347.7
2028-09-18 18:24,29d 08h 33m,-04h11m,2.9
2028-10-18 02:57,29d 10h 21m,-02h23m,18.5
2028-11-16 13:18,29d 12h 48m,+00h04m,37.4
2028-12-16 02:06,29d 15h 18m,+02h34m,63.8
2029-01-14 17:24,29d 17h 07m,+04h23m,99.9
2029-02-13 10:31,29d 17h 48m,+05h04m,136.2
2029-03-15 04:19,29d 17h 21m,+04h37m,164.5
2029-04-13 21:40,29d 16h 02m,+03h18m,188.3
2029-05-13 13:42,29d 14h 08m,+01h24m,213.4
2029-06-12 03:50,29d 12h 01m,-00h44m,244.2
2029-07-11 15:51,29d 10h 05m,-02h39m,279.1
2029-08-10 01:56,29d 08h 49m,-03h55m,309.2
2029-09-08 10:44,29d 08h 30m,-04h14m,331.3
2029-10-07 19:14,29d 09h 10m,-03h34m,348.5
2029-11-06 04:24,29d 10h 28m,-02h16m,3.8
2029-12-05 14:52,29d 11h 57m,-00h47m,19.9
2030-01-04 02:49,29d 13h 18m,+00h34m,39.8
2030-02-02 16:07,29d 14h 27m,+01h43m,67.6
2030-03-04 06:35,29d 15h 28m,+02h44m,104.1
2030-04-02 22:02,29d 16h 10m,+03h26m,139.0
2030-05-02 14:12,29d 16h 09m,+03h25m,165.9
2030-06-01 06:21,29d 15h 13m,+02h29m,189.0
2030-06-30 21:34,29d 13h 37m,+00h52m,213.7
2030-07-30 11:11,29d 11h 56m,-00h48m,244.5
2030-08-28 23:07,29d 10h 47m,-01h57m,279.9
2030-09-27 09:55,29d 10h 22m,-02h22m,310.2
2030-10-26 20:17,29d 10h 30m,-02h15m,332.4
2030-11-25 06:46,29d 10h 46m,-01h58m,349.8
2030-12-24 17:32,29d 10h 59m,-01h45m,5.3
2031-01-23 04:31,29d 11h 18m,-01h26m,21.6
2031-02-21 15:49,29d 12h 00m,-00h44m,41.9
2031-03-23 03:49,29d 13h 08m,+00h24m,70.3
2031-04-21 16:57,29d 14h 20m,+01h36m,106.4
2031-05-21 07:17,29d 15h 07m,+02h23m,139.8
2031-06-19 22:25,29d 15h 16m,+02h31m,165.9
2031-07-19 13:40,29d 14h 52m,+02h08m,188.7
2031-08-18 04:32,29d 14h 15m,+01h31m,213.5
2031-09-16 18:47,29d 13h 34m,+00h50m,245.2
2031-10-16 08:21,29d 12h 49m,+00h05m,281.8
2031-11-14 21:09,29d 11h 56m,-00h48m,312.6
2031-12-14 09:06,29d 11h 01m,-01h43m,334.7
2032-01-12 20:07,29d 10h 18m,-02h27m,351.6
2032-02-11 06:24,29d 10h 00m,-02h44m,6.9
2032-03-11 16:25,29d 10h 15m,-02h29m,23.4
2032-04-10 02:39,29d 10h 56m,-01h48m,44.4
2032-05-09 13:36,29d 11h 56m,-00h48m,73.2
2032-06-08 01:32,29d 13h 09m,+00h25m,108.4
2032-07-07 14:41,29d 14h 30m,+01h46m,140.6
2032-08-06 05:11,29d 15h 45m,+03h01m,166.3
2032-09-04 20:56,29d 16h 30m,+03h46m,189.3
2032-10-04 13:26,29d 16h 19m,+03h35m,215.1
2032-11-03 05:45,29d 15h 08m,+02h24m,248.6
2032-12-02 20:53,29d 13h 24m,+00h40m,286.1
2033-01-01 10:17,29d 11h 43m,-01h01m,315.8
2033-01-30 22:00,29d 10h 24m,-02h20m,336.6
2033-03-01 08:23,29d 09h 28m,-03h16m,353.0
2033-03-30 17:51,29d 08h 55m,-03h49m,8.3
2033-04-29 02:46,29d 08h 50m,-03h54m,25.1
2033-05-28 11:36,29d 09h 30m,-03h14m,46.0
2033-06-26 21:07,29d 11h 06m,-01h39m,74.1
2033-07-26 08:12,29d 13h 27m,+00h43m,108.5
2033-08-24 21:40,29d 16h 00m,+03h16m,140.6
2033-09-23 13:40,29d 17h 49m,+05h05m,166.6
2033-10-23 07:28,29d 18h 11m,+05h27m,190.3
2033-11-22 01:39,29d 17h 07m,+04h23m,217.2
2033-12-21 18:46,29d 15h 15m,+02h31m,252.0
2034-01-20 10:01,29d 13h 09m,+00h25m,289.0
2034-02-18 23:10,29d 11h 04m,-01h40m,317.3
2034-03-20 10:14,29d 09h 11m,-03h33m,337.6
2034-04-18 19:26,29d 07h 47m,-04h57m,353.9
2034-05-18 03:12,29d 07h 13m,-05h31m,9.0
2034-06-16 10:26,29d 07h 49m,-04h55m,25.4
2034-07-15 18:15,29d 09h 38m,-03h06m,45.9
2034-08-14 03:53,29d 12h 21m,-00h23m,73.9
2034-09-12 16:14,29d 15h 19m,+02h35m,108.6
2034-10-12 07:33,29d 17h 44m,+05h00m,141.4
2034-11-11 01:16,29d 18h 58m,+06h14m,168.1
2034-12-10 20:14,29d 18h 49m,+06h05m,192.5
2035-01-09 15:03,29d 17h 19m,+04h35m,220.5
2035-02-08 08:22,29d 14h 47m,+02h03m,255.7
2035-03-09 23:09,29d 11h 48m,-00h56m,291.6
2035-04-08 10:58,29d 09h 06m,-03h38m,318.8
2035-05-07 20:04,29d 07h 17m,-05h27m,338.4
2035-06-06 03:21,29d 06h 39m,-06h05m,354.2
2035-07-05 09:59,29d 07h 12m,-05h32m,9.1
2035-08-03 17:12,29d 08h 48m,-03h56m,25.6
2035-09-02 01:59,29d 11h 07m,-01h37m,46.4
2035-10-01 13:07,29d 13h 52m,+01h08m,75.0
2035-10-31 02:59,29d 16h 39m,+03h55m,110.7
2035-11-29 19:37,29d 18h 53m,+06h09m,144.1
2035-12-29 14:31,29d 19h 46m,+07h02m,171.0
2036-01-28 10:17,29d 18h 42m,+05h58m,195.6
2036-02-27 04:59,29d 15h 57m,+03h13m,223.9
2036-03-27 20:57,29d 12h 36m,-00h08m,258.5
2036-04-26 09:33,29d 09h 44m,-03h00m,292.8
2036-05-25 19:17,29d 07h 53m,-04h51m,318.9
2036-06-24 03:09,29d 07h 07m,-05h37m,338.2
2036-07-23 10:17,29d 07h 18m,-05h26m,354.1
2036-08-21 17:35,29d 08h 16m,-04h28m,9.3
2036-09-20 01:51,29d 09h 58m,-02h46m,25.8
2036-10-19 11:50,29d 12h 24m,-00h20m,46.7
2036-11-18 00:14,29d 15h 20m,+02h36m,76.0
2036-12-17 15:34,29d 18h 00m,+05h16m,113.0
2037-01-16 09:34,29d 19h 20m,+06h36m,146.7
2037-02-15 04:54,29d 18h 42m,+05h58m,173.2
2037-03-16 23:36,29d 16h 31m,+03h47m,197.5
2037-04-15 16:08,29d 13h 47m,+01h03m,225.1
2037-05-15 05:54,29d 11h 16m,-01h28m,258.7
2037-06-13 17:10,29d 09h 22m,-03h23m,292.3
2037-07-13 02:32,29d 08h 10m,-04h34m,318.7
2037-08-11 10:41,29d 07h 44m,-05h00m,338.4
2037-09-09 18:25,29d 08h 09m,-04h35m,354.5
2037-10-09 02:34,29d 09h 29m,-03h15m,9.6
2037-11-07 12:03,29d 11h 35m,-01h09m,26.3
2037-12-06 23:38,29d 14h 03m,+01h19m,48.0
2038-01-05 13:41,29d 16h 11m,+03h27m,79.2
2038-02-04 05:52,29d 17h 23m,+04h39m,117.1
2038-03-05 23:15,29d 17h 28m,+04h44m,149.9
2038-04-04 16:43,29d 16h 37m,+03h53m,175.3
2038-05-04 09:19,29d 15h 05m,+02h21m,198.9
2038-06-03 00:24,29d 13h 08m,+00h24m,226.0
2038-07-02 13:32,29d 11h 08m,-01h36m,259.5
2038-08-01 00:40,29d 09h 32m,-03h12m,293.3
2038-08-30 10:13,29d 08h 45m,-03h59m,319.9
2038-09-28 18:57,29d 08h 55m,-03h49m,339.4
2038-10-28 03:53,29d 09h 54m,-02h50m,355.4
2038-11-26 13:47,29d 11h 15m,-01h29m,10.8
2038-12-26 01:02,29d 12h 34m,-00h10m,28.2
2039-01-24 13:36,29d 13h 41m,+00h57m,51.2
2039-02-23 03:17,29d 14h 42m,+01h58m,83.5
2039-03-24 17:59,29d 15h 35m,+02h51m,120.7
2039-04-23 09:35,29d 16h 03m,+03h19m,151.8
2039-05-23 01:38,29d 15h 43m,+02h59m,176.2
2039-06-21 17:21,29d 14h 33m,+01h49m,199.2
2039-07-21 07:54,29d 12h 56m,+00h12m,226.3
2039-08-19 20:50,29d 11h 32m,-01h12m,260.1
2039-09-18 08:23,29d 10h 46m,-01h58m,294.5
2039-10-17 19:09,29d 10h 37m,-02h07m,321.1
2039-11-16 05:46,29d 10h 46m,-01h58m,340.7
2039-12-15 16:32,29d 10h 53m,-01h51m,356.9
2040-01-14 03:25,29d 10h 59m,-01h45m,12.4
2040-02-12 14:24,29d 11h 22m,-01h22m,30.1
2040-03-13 01:46,29d 12h 14m,-00h30m,53.5
2040-04-11 14:00,29d 13h 28m,+00h44m,86.0
2040-05-11 03:28,29d 14h 35m,+01h51m,122.1
2040-06-09 18:03,29d 15h 12m,+02h28m,152.0
2040-07-09 09:15,29d 15h 12m,+02h28m,175.9
2040-08-08 00:26,29d 14h 47m,+02h03m,199.0
2040-09-06 15:13,29d 14h 12m,+01h28m,226.5
2040-10-06 05:26,29d 13h 30m,+00h46m,261.6
2040-11-04 18:56,29d 12h 37m,-00h07m,297.0
2040-12-04 07:33,29d 11h 35m,-01h09m,323.5
2041-01-02 19:08,29d 10h 35m,-02h09m,342.7
2041-02-01 05:43,29d 09h 56m,-02h48m,358.5
2041-03-02 15:39,29d 09h 50m,-02h54m,14.0
2041-04-01 01:29,29d 10h 17m,-02h27m,32.1
2041-04-30 11:46,29d 11h 10m,-01h34m,56.2
2041-05-29 22:56,29d 12h 21m,-00h23m,88.5
2041-06-28 11:17,29d 13h 45m,+01h01m,123.4
2041-07-28 01:02,29d 15h 14m,+02h30m,152.5
2041-08-26 16:16,29d 16h 25m,+03h41m,176.4
2041-09-25 08:41,29d 16h 49m,+04h05m,200.1
2041-10-25 01:30,29d 16h 06m,+03h22m,229.1
2041-11-23 17:37,29d 14h 30m,+01h46m,265.9
2041-12-23 08:06,29d 12h 36m,-00h08m,300.9
2042-01-21 20:42,29d 10h 57m,-01h47m,326.0
2042-02-20 07:39,29d 09h 44m,-03h00m,344.2
2042-03-21 17:23,29d 08h 56m,-03h48m,359.8
2042-04-20 02:19,29d 08h 36m,-04h09m,15.5
2042-05-19 10:55,29d 08h 53m,-03h51m,33.6
2042-06-17 19:48,29d 10h 04m,-02h40m,57.3
2042-07-17 05:52,29d 12h 09m,-00h35m,88.8
2042-08-15 18:01,29d 14h 49m,+02h05m,123.3
2042-09-14 08:50,29d 17h 13m,+04h29m,152.7
2042-10-14 02:03,29d 18h 25m,+05h41m,177.1
2042-11-12 20:28,29d 18h 01m,+05h17m,201.7
2042-12-12 14:29,29d 16h 24m,+03h40m,232.0
2043-01-11 06:53,29d 14h 14m,+01h30m,269.3
2043-02-09 21:07,29d 12h 02m,-00h42m,303.0
2043-03-11 09:09,29d 09h 57m,-02h47m,327.1
2043-04-09 19:06,29d 08h 15m,-04h29m,345.1
2043-05-09 03:21,29d 07h 14m,-05h30m,0.5
2043-06-07 10:35,29d 07h 16m,-05h28m,15.9
2043-07-06 17:51,29d 08h 32m,-04h12m,33.6
2043-08-05 02:23,29d 10h 55m,-01h49m,57.1
2043-09-03 13:17,29d 13h 55m,+01h11m,88.7
2043-10-03 03:12,29d 16h 45m,+04h01m,123.9
2043-11-01 19:57,29d 18h 40m,+05h55m,154.0
2043-12-01 14:37,29d 19h 11m,+06h27m,179.1
2043-12-31 09:48,29d 18h 16m,+05h32m,204.4
2044-01-30 04:04,29d 16h 08m,+03h24m,235.6
2044-02-28 20:12,29d 13h 14m,+00h30m,272.5
2044-03-29 09:26,29d 10h 16m,-02h28m,304.8
2044-04-27 19:42,29d 07h 57m,-04h47m,328.1
2044-05-27 03:39,29d 06h 45m,-05h59m,345.6
2044-06-25 10:24,29d 06h 46m,-05h58m,0.7
2044-07-24 17:10,29d 07h 56m,-04h49m,16.0
2044-08-23 01:06,29d 09h 57m,-02h47m,34.0
2044-09-21 11:03,29d 12h 33m,-00h11m,57.9
2044-10-20 23:36,29d 15h 21m,+02h37m,90.4
2044-11-19 14:58,29d 17h 55m,+05h11m,126.5
2044-12-19 08:53,29d 19h 32m,+06h48m,156.9
2045-01-18 04:25,29d 19h 26m,+06h42m,182.1
2045-02-16 23:51,29d 17h 24m,+04h40m,207.6
2045-03-18 17:15,29d 14h 12m,+01h28m,238.6
2045-04-17 07:26,29d 11h 00m,-01h44m,274.3
2045-05-16 18:26,29d 08h 38m,-04h06m,305.3
2045-06-15 03:05,29d 07h 24m,-05h20m,328.0
2045-07-14 10:28,29d 07h 11m,-05h33m,345.4
2045-08-12 17:39,29d 07h 48m,-04h56m,0.7
2045-09-11 01:28,29d 09h 09m,-03h35m,16.2
2045-10-10 10:37,29d 11h 12m,-01h32m,34.3
2045-11-08 21:49,29d 13h 52m,+01h08m,58.5
2045-12-08 11:41,29d 16h 43m,+03h59m,92.2
2046-01-07 04:24,29d 18h 46m,+06h02m,129.2
2046-02-05 23:10,29d 19h 06m,+06h22m,159.4
2046-03-07 18:15,29d 17h 36m,+04h52m,184.1
2046-04-06 11:51,29d 15h 04m,+02h20m,209.1
2046-05-06 02:56,29d 12h 26m,-00h18m,239.2
2046-06-04 15:22,29d 10h 16m,-02h28m,274.0
2046-07-04 01:39,29d 08h 47m,-03h57m,304.9
2046-08-02 10:25,29d 08h 00m,-04h44m,328.0
2046-08-31 18:25,29d 08h 00m,-04h44m,345.8
2046-09-30 02:25,29d 08h 52m,-03h53m,1.2
2046-10-29 11:17,29d 10h 33m,-02h11m,16.7
2046-11-27 21:50,29d 12h 49m,+00h05m,35.1
2046-12-27 10:39,29d 15h 05m,+02h21m,60.8
2047-01-26 01:44,29d 16h 42m,+03h58m,96.2
2047-02-24 18:26,29d 17h 18m,+04h34m,133.0
2047-03-26 11:44,29d 16h 56m,+04h12m,161.9
2047-04-25 04:40,29d 15h 48m,+03h04m,185.7
2047-05-24 20:27,29d 14h 08m,+01h24m,210.1
2047-06-23 10:36,29d 12h 13m,-00h31m,240.0
2047-07-22 22:49,29d 10h 27m,-02h17m,274.9
2047-08-21 09:16,29d 09h 15m,-03h29m,306.1
2047-09-19 18:31,29d 08h 57m,-03h48m,329.2
2047-10-19 03:28,29d 09h 31m,-03h13m,346.8
2047-11-17 12:59,29d 10h 39m,-02h05m,2.2
2047-12-16 23:38,29d 11h 54m,-00h50m,18.2
2048-01-15 11:32,29d 12h 59m,+00h15m,37.7
2048-02-14 00:31,29d 13h 56m,+01h12m,64.6
2048-03-14 14:27,29d 14h 52m,+02h08m,100.4
2048-04-13 05:19,29d 15h 38m,+02h54m,135.6
2048-05-12 20:58,29d 15h 52m,+03h08m,163.0
2048-06-11 12:50,29d 15h 14m,+02h30m,186.1
2048-07-11 04:04,29d 13h 55m,+01h11m,210.3
2048-08-09 17:59,29d 12h 26m,-00h18m,240.4
2048-09-08 06:24,29d 11h 21m,-01h23m,276.0
2048-10-07 17:45,29d 10h 53m,-01h51m,307.5
2048-11-06 04:38,29d 10h 52m,-01h52m,330.6
2048-12-05 15:30,29d 10h 54m,-01h50m,348.2
2049-01-04 02:24,29d 10h 51m,-01h53m,3.8
2049-02-02 13:16,29d 10h 56m,-01h48m,20.0
2049-03-04 00:11,29d 11h 28m,-01h16m,39.7
2049-04-02 11:39,29d 12h 32m,-00h12m,67.0
2049-05-02 00:11,29d 13h 49m,+01h05m,102.4
2049-05-31 14:00,29d 14h 50m,+02h06m,136.3
2049-06-30 04:50,29d 15h 17m,+02h33m,162.9
2049-07-29 20:07,29d 15h 11m,+02h27m,185.8
2049-08-28 11:18,29d 14h 46m,+02h02m,210.2
2049-09-27 02:05,29d 14h 10m,+01h26m,241.4
2049-10-26 16:15,29d 13h 21m,+00h37m,278.3
2049-11-25 05:35,29d 12h 16m,-00h28m,310.2
2049-12-24 17:51,29d 11h 05m,-01h39m,332.9
2050-01-23 04:57,29d 10h 07m,-02h38m,350.1
2050-02-21 15:03,29d 09h 37m,-03h07m,5.4
2050-03-23 00:41,29d 09h 45m,-02h59m,21.6
2050-04-21 10:25,29d 10h 25m,-02h19m,41.9
2050-05-20 20:51,29d 11h 31m,-01h13m,69.6
2050-06-19 08:22,29d 12h 55m,+00h11m,104.1
2050-07-18 21:16,29d 14h 31m,+01h47m,137.0
2050-08-17 11:47,29d 16h 02m,+03h18m,163.4
2050-09-16 03:49,29d 16h 59m,+04h15m,186.6
2050-10-15 20:48,29d 16h 53m,+04h09m,212.0
2050-11-14 13:41,29d 15h 37m,+02h53m,245.0
2050-12-14 05:18,29d 13h 40m,+00h56m,282.8
2051-01-12 18:58,29d 11h 43m,-01h01m,313.4
2051-02-11 06:41,29d 10h 11m,-02h33m,334.7
2051-03-12 16:52,29d 09h 07m,-03h37m,351.3
2051-04-11 01:59,29d 08h 30m,-04h14m,6.6
2051-05-10 10:29,29d 08h 27m,-04h17m,23.1
2051-06-08 18:56,29d 09h 13m,-03h31m,43.2
2051-07-08 04:09,29d 10h 56m,-01h48m,70.2
2051-08-06 15:05,29d 13h 28m,+00h44m,104.1
2051-09-05 04:33,29d 16h 14m,+03h29m,137.0
2051-10-04 20:47,29d 18h 12m,+05h28m,163.9
2051-11-03 14:59,29d 18h 38m,+05h54m,187.8
2051-12-03 09:37,29d 17h 29m,+04h45m,214.3
2052-01-02 03:05,29d 15h 25m,+02h41m,248.4
2052-01-31 18:30,29d 13h 06m,+00h22m,285.5
2052-03-01 07:36,29d 10h 51m,-01h53m,314.8
2052-03-30 18:27,29d 08h 54m,-03h50m,335.6
2052-04-29 03:21,29d 07h 29m,-05h15m,352.1
2052-05-28 10:50,29d 07h 00m,-05h44m,7.2
2052-06-26 17:50,29d 07h 41m,-05h03m,23.2
2052-07-26 01:31,29d 09h 36m,-03h08m,43.0
2052-08-24 11:07,29d 12h 26m,-00h18m,69.9
2052-09-22 23:32,29d 15h 31m,+02h47m,104.4
2052-10-22 15:03,29d 17h 59m,+05h15m,138.2
2052-11-21 09:02,29d 19h 13m,+06h29m,165.7
2052-12-21 04:15,29d 18h 57m,+06h13m,190.2
2053-01-19 23:12,29d 17h 19m,+04h35m,217.6
2053-02-18 16:31,29d 14h 40m,+01h56m,251.9
2053-03-20 07:11,29d 11h 37m,-01h07m,288.0
2053-04-18 18:48,29d 08h 55m,-03h49m,316.1
2053-05-18 03:43,29d 07h 08m,-05h36m,336.2
2053-06-16 10:51,29d 06h 35m,-06h09m,352.3
2053-07-15 17:26,29d 07h 15m,-05h29m,7.2
2053-08-14 00:41,29d 08h 55m,-03h49m,23.3
2053-09-12 09:36,29d 11h 18m,-01h26m,43.5
2053-10-11 20:53,29d 14h 02m,+01h18m,71.2
2053-11-10 10:55,29d 16h 45m,+04h01m,106.8
2053-12-10 03:40,29d 18h 53m,+06h09m,141.1
2054-01-08 22:34,29d 19h 40m,+06h56m,168.6
2054-02-07 18:14,29d 18h 32m,+05h48m,193.2
2054-03-09 12:45,29d 15h 47m,+03h03m,220.6
2054-04-08 04:32,29d 12h 28m,-00h16m,254.3
2054-05-07 17:01,29d 09h 40m,-03h04m,288.9
2054-06-06 02:40,29d 07h 54m,-04h50m,316.1
2054-07-05 10:34,29d 07h 14m,-05h30m,336.0
2054-08-03 17:48,29d 07h 30m,-05h14m,352.3
2054-09-02 01:18,29d 08h 31m,-04h13m,7.4
2054-10-01 09:49,29d 10h 12m,-02h32m,23.7
2054-10-30 20:01,29d 12h 32m,-00h12m,44.0
2054-11-29 08:34,29d 15h 18m,+02h34m,72.4
2054-12-28 23:52,29d 17h 47m,+05h03m,109.3
2055-01-27 17:39,29d 19h 00m,+06h16m,143.9
2055-02-26 12:39,29d 18h 22m,+05h38m,170.8
2055-03-28 07:00,29d 16h 16m,+03h32m,194.9
2055-04-26 23:17,29d 13h 40m,+00h56m,221.6
2055-05-26 12:57,29d 11h 18m,-01h26m,254.3
2055-06-25 00:15,29d 09h 32m,-03h12m,288.5
2055-07-24 09:48,29d 08h 27m,-04h17m,315.9
2055-08-22 18:15,29d 08h 05m,-04h39m,336.4
2055-09-21 02:19,29d 08h 30m,-04h14m,352.8
2055-10-20 10:49,29d 09h 45m,-02h59m,7.9
2055-11-18 20:34,29d 11h 41m,-01h03m,24.3
2055-12-18 08:15,29d 13h 55m,+01h11m,45.5
2056-01-16 22:10,29d 15h 49m,+03h05m,75.8
2056-02-15 13:59,29d 16h 53m,+04h09m,113.6
2056-03-16 06:52,29d 16h 58m,+04h14m,147.0
2056-04-14 23:50,29d 16h 16m,+03h32m,172.8
2056-05-14 16:06,29d 14h 58m,+02h14m,196.0
2056-06-13 07:04,29d 13h 16m,+00h32m,222.4
2056-07-12 20:20,29d 11h 28m,-01h16m,255.1
2056-08-11 07:48,29d 09h 59m,-02h45m,289.7
2056-09-09 17:47,29d 09h 13m,-03h31m,317.3
2056-10-09 03:00,29d 09h 20m,-03h24m,337.6
2056-11-07 12:20,29d 10h 10m,-02h34m,353.9
2056-12-06 22:31,29d 11h 18m,-01h26m,9.2
2057-01-05 09:49,29d 12h 21m,-00h23m,26.4
2057-02-03 22:10,29d 13h 14m,+00h30m,48.7
2057-03-05 11:24,29d 14h 07m,+01h23m,80.0
2057-04-04 01:31,29d 15h 01m,+02h17m,117.0
2057-05-03 16:32,29d 15h 39m,+02h55m,148.6
2057-06-02 08:11,29d 15h 36m,+02h52m,173.3
2057-07-01 23:47,29d 14h 45m,+02h00m,196.2
2057-07-31 14:32,29d 13h 23m,+00h39m,222.5
2057-08-30 03:54,29d 12h 06m,-00h38m,255.9
2057-09-28 16:00,29d 11h 19m,-01h25m,291.1
2057-10-28 03:19,29d 11h 03m,-01h41m,318.8
2057-11-26 14:22,29d 11h 00m,-01h44m,339.0
2057-12-26 01:22,29d 10h 52m,-01h52m,355.4
2058-01-24 12:14,29d 10h 42m,-02h02m,10.9
2058-02-22 22:56,29d 10h 53m,-01h51m,28.2
2058-03-24 09:50,29d 11h 39m,-01h05m,50.9
2058-04-22 21:29,29d 12h 54m,+00h10m,82.2
2058-05-22 10:23,29d 14h 12m,+01h28m,118.2
2058-06-21 00:35,29d 15h 05m,+02h21m,148.7
2058-07-20 15:40,29d 15h 23m,+02h39m,173.1
2058-08-19 07:03,29d 15h 14m,+02h30m,196.0
2058-09-17 22:17,29d 14h 47m,+02h03m,223.0
2058-10-17 13:05,29d 14h 04m,+01h20m,257.8
2058-11-16 03:09,29d 13h 02m,+00h18m,294.0
2058-12-15 16:12,29d 11h 45m,-00h59m,321.5
2059-01-14 03:57,29d 10h 30m,-02h14m,341.1
2059-02-12 14:27,29d 09h 38m,-03h06m,357.0
2059-03-14 00:05,29d 09h 23m,-03h21m,12.4
2059-04-12 09:29,29d 09h 47m,-02h58m,30.0
2059-05-11 19:15,29d 10h 42m,-02h02m,53.2
2059-06-10 05:57,29d 12h 02m,-00h43m,84.4
2059-07-09 17:58,29d 13h 39m,+00h55m,119.3
2059-08-08 07:37,29d 15h 23m,+02h39m,149.3
2059-09-06 23:01,29d 16h 49m,+04h05m,173.7
2059-10-06 15:50,29d 17h 22m,+04h38m,197.3
2059-11-05 09:11,29d 16h 38m,+03h54m,225.8
2059-12-05 01:49,29d 14h 51m,+02h07m,262.2
2060-01-03 16:40,29d 12h 42m,-00h02m,297.9
2060-02-02 05:22,29d 10h 49m,-01h55m,323.8
2060-03-02 16:11,29d 09h 26m,-03h18m,342.5
2060-04-01 01:37,29d 08h 33m,-04h11m,358.2
2060-04-30 10:11,29d 08h 13m,-04h31m,13.7
2060-05-29 18:23,29d 08h 35m,-04h10m,31.3
2060-06-28 02:58,29d 09h 52m,-02h52m,54.1
2060-07-27 12:49,29d 12h 07m,-00h37m,84.5
2060-08-26 00:56,29d 14h 57m,+02h13m,119.2
2060-09-24 15:53,29d 17h 32m,+04h48m,149.6
2060-10-24 09:25,29d 18h 50m,+06h06m,174.6
2060-11-23 04:16,29d 18h 24m,+05h40m,199.1
2060-12-22 22:39,29d 16h 37m,+03h53m,228.7
2061-01-21 15:16,29d 14h 15m,+01h31m,265.6
2061-02-20 05:31,29d 11h 52m,-00h52m,299.9
2061-03-21 17:23,29d 09h 42m,-03h02m,324.8
2061-04-20 03:05,29d 07h 58m,-04h46m,343.2
2061-05-19 11:03,29d 07h 00m,-05h44m,358.7
2061-06-17 18:03,29d 07h 07m,-05h37m,13.9
2061-07-17 01:10,29d 08h 29m,-04h15m,31.2
2061-08-15 09:39,29d 10h 58m,-01h46m,53.7
2061-09-13 20:37,29d 14h 04m,+01h20m,84.5
2061-10-13 10:41,29d 16h 58m,+04h14m,120.1
2061-11-12 03:40,29d 18h 53m,+06h09m,151.2
2061-12-11 22:32,29d 19h 20m,+06h36m,176.8
2062-01-10 17:52,29d 18h 18m,+05h34m,201.9
2062-02-09 12:10,29d 16h 03m,+03h19m,232.2
2062-03-11 04:13,29d 13h 04m,+00h20m,268.5
2062-04-09 17:17,29d 10h 06m,-02h38m,301.6
2062-05-09 03:22,29d 07h 49m,-04h55m,325.7
2062-06-07 11:12,29d 06h 41m,-06h03m,343.6
2062-07-06 17:53,29d 06h 48m,-05h57m,358.8
2062-08-05 00:40,29d 08h 02m,-04h42m,14.0
2062-09-03 08:42,29d 10h 07m,-02h37m,31.5
2062-10-02 18:49,29d 12h 43m,-00h01m,54.6
2062-11-01 07:33,29d 15h 28m,+02h44m,86.4
2062-11-30 23:01,29d 17h 56m,+05h12m,123.0
2062-12-30 16:57,29d 19h 26m,+06h42m,154.3
2063-01-29 12:23,29d 19h 15m,+06h31m,179.8
2063-02-28 07:37,29d 17h 12m,+04h28m,204.9
2063-03-30 00:49,29d 14h 02m,+01h18m,234.9
2063-04-28 14:52,29d 10h 55m,-01h49m,270.1
2063-05-28 01:47,29d 08h 39m,-04h06m,301.9
2063-06-26 10:25,29d 07h 30m,-05h14m,325.5
2063-07-25 17:55,29d 07h 22m,-05h22m,343.4
2063-08-24 01:17,29d 08h 04m,-04h40m,358.9
2063-09-22 09:21,29d 09h 25m,-03h19m,14.3
2063-10-21 18:46,29d 11h 23m,-01h21m,31.9
2063-11-20 06:09,29d 13h 54m,+01h10m,55.4
2063-12-19 20:04,29d 16h 33m,+03h49m,88.4
2064-01-18 12:37,29d 18h 26m,+05h42m,125.9
2064-02-17 07:03,29d 18h 42m,+05h58m,156.8
2064-03-18 01:45,29d 17h 17m,+04h33m,181.6
2064-04-16 19:01,29d 14h 53m,+02h09m,206.1
2064-05-16 09:55,29d 12h 26m,-00h18m,235.2
2064-06-14 22:20,29d 10h 25m,-02h19m,269.7
2064-07-14 08:46,29d 09h 03m,-03h41m,301.5
2064-08-12 17:49,29d 08h 22m,-04h22m,325.7
2064-09-11 02:11,29d 08h 23m,-04h21m,344.0
2064-10-10 10:34,29d 09h 11m,-03h33m,359.5
2064-11-08 19:45,29d 10h 44m,-02h00m,14.9
2064-12-08 06:28,29d 12h 46m,+00h02m,33.0
2065-01-06 19:15,29d 14h 47m,+02h03m,57.9
2065-02-05 10:02,29d 16h 13m,+03h29m,92.7
2065-03-07 02:15,29d 16h 46m,+04h02m,129.8
2065-04-05 19:01,29d 16h 29m,+03h45m,159.2
2065-05-05 11:30,29d 15h 34m,+02h50m,183.0
2065-06-04 03:04,29d 14h 11m,+01h27m,206.9
2065-07-03 17:15,29d 12h 30m,-00h14m,235.9
2065-08-02 05:46,29d 10h 53m,-01h51m,270.8
2065-08-31 16:39,29d 09h 45m,-02h59m,303.1
2065-09-30 02:24,29d 09h 24m,-03h20m,327.1
2065-10-29 11:48,29d 09h 51m,-02h53m,345.2
2065-11-27 21:40,29d 10h 48m,-01h57m,0.7
2065-12-27 08:27,29d 11h 47m,-00h57m,16.6
2066-01-25 20:14,29d 12h 36m,-00h08m,35.6
2066-02-24 08:50,29d 13h 23m,+00h39m,61.6
2066-03-25 22:13,29d 14h 16m,+01h32m,96.6
2066-04-24 12:29,29d 15h 09m,+02h25m,132.1
2066-05-24 03:38,29d 15h 37m,+02h53m,160.1
2066-06-22 19:15,29d 15h 19m,+02h34m,183.2
2066-07-22 10:34,29d 14h 16m,+01h32m,207.0
2066-08-21 00:50,29d 12h 58m,+00h13m,236.4
2066-09-19 13:47,29d 11h 55m,-00h49m,272.1
2066-10-19 01:42,29d 11h 23m,-01h21m,304.7
2066-11-17 13:06,29d 11h 12m,-01h32m,328.7
2066-12-17 00:17,29d 10h 59m,-01h45m,346.7
2067-01-15 11:17,29d 10h 40m,-02h04m,2.4
2067-02-13 21:57,29d 10h 31m,-02h13m,18.4
2067-03-15 08:29,29d 10h 55m,-01h49m,37.6
2067-04-13 19:24,29d 11h 57m,-00h47m,63.8
2067-05-13 07:21,29d 13h 20m,+00h36m,98.3
2067-06-11 20:41,29d 14h 35m,+01h51m,132.6
2067-07-11 11:16,29d 15h 20m,+02h36m,159.9
2067-08-10 02:36,29d 15h 32m,+02h48m,183.0
2067-09-08 18:09,29d 15h 19m,+02h35m,207.1
2067-10-08 09:28,29d 14h 46m,+02h02m,237.7
2067-11-07 00:14,29d 13h 51m,+01h07m,274.8
2067-12-06 14:05,29d 12h 33m,-00h11m,307.7
2068-01-05 02:38,29d 11h 06m,-01h38m,331.1
2068-02-03 13:44,29d 09h 53m,-02h51m,348.6
2068-03-03 23:38,29d 09h 14m,-03h30m,3.9
2068-04-02 08:51,29d 09h 16m,-03h28m,19.9
2068-05-01 18:07,29d 09h 56m,-02h48m,39.5
2068-05-31 04:03,29d 11h 08m,-01h36m,66.0
2068-06-29 15:11,29d 12h 43m,-00h01m,99.8
2068-07-29 03:55,29d 14h 34m,+01h50m,133.3
2068-08-27 18:28,29d 16h 20m,+03h36m,160.5
2068-09-26 10:48,29d 17h 29m,+04h45m,183.9
2068-10-26 04:17,29d 17h 25m,+04h41m,209.1
2068-11-24 21:42,29d 16h 02m,+03h18m,241.5
2068-12-24 13:44,29d 13h 52m,+01h08m,279.4
2069-01-23 03:36,29d 11h 41m,-01h03m,310.8
2069-02-21 15:17,29d 09h 56m,-02h48m,332.8
2069-03-23 01:13,29d 08h 45m,-03h59m,349.7
2069-04-21 09:58,29d 08h 07m,-04h37m,4.9
2069-05-20 18:06,29d 08h 08m,-04h36m,21.0
2069-06-19 02:14,29d 08h 59m,-03h45m,40.5
2069-07-18 11:13,29d 10h 50m,-01h54m,66.4
2069-08-16 22:03,29d 13h 32m,+00h48m,99.7
2069-09-15 11:35,29d 16h 28m,+03h44m,133.4
2069-10-15 04:03,29d 18h 34m,+05h50m,161.2
2069-11-13 22:38,29d 19h 00m,+06h16m,185.4
2069-12-13 17:38,29d 17h 45m,+05h01m,211.5
2070-01-12 11:22,29d 15h 30m,+02h46m,244.8
2070-02-11 02:52,29d 13h 00m,+00h16m,282.0
2070-03-12 15:52,29d 10h 38m,-02h06m,312.0
2070-04-11 02:30,29d 08h 38m,-04h06m,333.5
2070-05-10 11:08,29d 07h 16m,-05h28m,350.2
2070-06-08 18:24,29d 06h 50m,-05h54m,5.3
2070-07-08 01:14,29d 07h 37m,-05h07m,21.1
2070-08-06 08:51,29d 09h 37m,-03h07m,40.1
2070-09-04 18:29,29d 12h 33m,-00h11m,66.1
2070-10-04 07:01,29d 15h 41m,+02h57m,100.2
2070-11-02 22:43,29d 18h 11m,+05h27m,134.9
2070-12-02 16:53,29d 19h 22m,+06h38m,163.2
2071-01-01 12:15,29d 19h 00m,+06h16m,187.9
2071-01-31 07:15,29d 17h 16m,+04h32m,214.7
2071-03-02 00:31,29d 14h 32m,+01h48m,248.1
2071-03-31 15:03,29d 11h 27m,-01h17m,284.2
2071-04-30 02:30,29d 08h 46m,-03h58m,313.2
2071-05-29 11:17,29d 07h 04m,-05h40m,334.0
2071-06-27 18:21,29d 06h 36m,-06h08m,350.4
2071-07-27 00:56,29d 07h 20m,-05h24m,5.3
2071-08-25 08:16,29d 09h 05m,-03h39m,21.2
2071-09-23 17:21,29d 11h 28m,-01h16m,40.7
2071-10-23 04:49,29d 14h 10m,+01h26m,67.5
2071-11-21 18:59,29d 16h 47m,+04h03m,102.9
2071-12-21 11:47,29d 18h 48m,+06h04m,138.1
2072-01-20 06:35,29d 19h 29m,+06h44m,166.3
2072-02-19 02:03,29d 18h 18m,+05h34m,190.8
2072-03-19 20:21,29d 15h 35m,+02h51m,217.4
2072-04-18 11:57,29d 12h 22m,-00h22m,250.1
2072-05-18 00:18,29d 09h 39m,-03h05m,285.0
2072-06-16 09:57,29d 07h 59m,-04h45m,313.1
2072-07-15 17:56,29d 07h 25m,-05h19m,333.8
2072-08-14 01:21,29d 07h 46m,-04h58m,350.4
2072-09-12 09:07,29d 08h 48m,-03h56m,5.6
2072-10-11 17:55,29d 10h 26m,-02h18m,21.6
2072-11-10 04:21,29d 12h 38m,-00h06m,41.4
2072-12-09 16:59,29d 15h 12m,+02h28m,69.0
2073-01-08 08:11,29d 17h 30m,+04h46m,105.7
2073-02-07 01:40,29d 18h 35m,+05h51m,140.9
2073-03-08 20:15,29d 17h 58m,+05h14m,168.4
2073-04-07 14:14,29d 16h 01m,+03h17m,192.2
2073-05-07 06:15,29d 13h 36m,+00h52m,218.1
2073-06-05 19:51,29d 11h 25m,-01h19m,250.0
2073-07-05 07:16,29d 09h 48m,-02h56m,284.5
2073-08-03 17:04,29d 08h 49m,-03h55m,313.1
2073-09-02 01:52,29d 08h 29m,-04h15m,334.3
2073-10-01 10:21,29d 08h 52m,-03h52m,351.1
2073-10-30 19:13,29d 09h 59m,-02h45m,6.3
2073-11-29 05:12,29d 11h 43m,-01h01m,22.5
2073-12-28 16:55,29d 13h 42m,+00h58m,43.1
2074-01-27 06:37,29d 15h 23m,+02h39m,72.6
2074-02-25 22:00,29d 16h 20m,+03h35m,110.0
2074-03-27 14:19,29d 16h 28m,+03h44m,144.0
2074-04-26 06:47,29d 15h 57m,+03h13m,170.1
2074-05-25 22:44,29d 14h 54m,+02h10m,193.2
2074-06-24 13:38,29d 13h 28m,+00h44m,218.8
2074-07-24 03:07,29d 11h 52m,-00h52m,250.9
2074-08-22 14:59,29d 10h 29m,-02h15m,286.0
2074-09-21 01:28,29d 09h 43m,-03h01m,314.8
2074-10-20 11:11,29d 09h 44m,-03h00m,335.8
2074-11-18 20:56,29d 10h 24m,-02h20m,352.3
2074-12-18 07:20,29d 11h 17m,-01h27m,7.7
2075-01-16 18:37,29d 12h 04m,-00h40m,24.6
2075-02-15 06:41,29d 12h 44m,+00h00m,46.3
2075-03-16 19:25,29d 13h 31m,+00h46m,76.5
2075-04-15 08:55,29d 14h 27m,+01h43m,113.2
2075-05-14 23:22,29d 15h 17m,+02h33m,145.4
2075-06-13 14:39,29d 15h 32m,+02h48m,170.5
2075-07-13 06:11,29d 14h 59m,+02h15m,193.2
2075-08-11 21:11,29d 13h 52m,+01h08m,218.9
2075-09-10 11:02,29d 12h 41m,-00h03m,251.8
2075-10-09 23:43,29d 11h 52m,-00h52m,287.7
2075-11-08 11:35,29d 11h 28m,-01h16m,316.5
2075-12-07 23:03,29d 11h 11m,-01h33m,337.3
2076-01-06 10:14,29d 10h 47m,-01h57m,354.0
2076-02-04 21:01,29d 10h 23m,-02h21m,9.4
2076-03-05 07:24,29d 10h 23m,-02h21m,26.4
2076-04-03 17:47,29d 11h 05m,-01h40m,48.3
2076-05-03 04:52,29d 12h 22m,-00h22m,78.4
2076-06-01 17:14,29d 13h 51m,+01h07m,114.1
2076-07-01 07:04,29d 15h 01m,+02h17m,145.4
2076-07-30 22:05,29d 15h 38m,+02h54m,170.2
2076-08-29 13:43,29d 15h 44m,+02h59m,193.2
2076-09-28 05:27,29d 15h 23m,+02h39m,219.7
2076-10-27 20:50,29d 14h 38m,+01h54m,254.1
2076-11-26 11:28,29d 13h 25m,+00h41m,290.9
2076-12-26 00:53,29d 11h 52m,-00h52m,319.3
2077-01-24 12:45,29d 10h 21m,-02h23m,339.5
2077-02-22 23:07,29d 09h 18m,-03h26m,355.5
2077-03-24 08:24,29d 08h 56m,-03h48m,10.8
2077-04-22 17:20,29d 09h 18m,-03h26m,28.0
2077-05-22 02:38,29d 10h 17m,-02h27m,50.2
2077-06-20 12:55,29d 11h 46m,-00h58m,80.3
2077-07-20 00:41,29d 13h 37m,+00h53m,115.1
2077-08-18 14:17,29d 15h 35m,+02h51m,146.0
2077-09-17 05:53,29d 17h 14m,+04h30m,171.0
2077-10-16 23:07,29d 17h 53m,+05h09m,194.6
2077-11-15 17:00,29d 17h 06m,+04h22m,222.6
2077-12-15 10:06,29d 15h 08m,+02h24m,258.6
2078-01-14 01:14,29d 12h 45m,+00h01m,294.9
2078-02-12 13:59,29d 10h 39m,-02h05m,321.6
2078-03-14 00:37,29d 09h 07m,-03h37m,340.7
2078-04-12 09:45,29d 08h 12m,-04h32m,356.5
2078-05-11 17:56,29d 07h 53m,-04h51m,11.8
2078-06-10 01:49,29d 08h 19m,-04h25m,29.0
2078-07-09 10:09,29d 09h 43m,-03h01m,50.9
2078-08-07 19:52,29d 12h 07m,-00h37m,80.3
2078-09-06 07:59,29d 15h 07m,+02h23m,115.1
2078-10-05 23:06,29d 17h 50m,+05h06m,146.4
2078-11-04 16:56,29d 19h 12m,+06h28m,172.1
2078-12-04 12:08,29d 18h 42m,+05h58m,196.6
2079-01-03 06:50,29d 16h 45m,+04h01m,225.6
2079-02-01 23:35,29d 14h 13m,+01h29m,261.8
2079-03-03 13:49,29d 11h 41m,-01h03m,296.6
2079-04-02 01:30,29d 09h 27m,-03h17m,322.3
2079-05-01 10:57,29d 07h 44m,-05h00m,341.2
2079-05-30 18:41,29d 06h 50m,-05h54m,356.9
2079-06-29 01:31,29d 07h 02m,-05h42m,12.0
2079-07-28 08:33,29d 08h 29m,-04h15m,28.8
2079-08-26 17:02,29d 11h 03m,-01h41m,50.5
2079-09-25 04:06,29d 14h 14m,+01h30m,80.4
2079-10-24 18:19,29d 17h 10m,+04h26m,116.3
2079-11-23 11:29,29d 19h 02m,+06h18m,148.4
2079-12-23 06:31,29d 19h 24m,+06h40m,174.6
2080-01-22 01:55,29d 18h 16m,+05h32m,199.5
2080-02-20 20:11,29d 15h 55m,+03h11m,228.8
2080-03-21 12:06,29d 12h 54m,+00h10m,264.5
2080-04-20 01:00,29d 09h 57m,-02h47m,298.1
2080-05-19 10:56,29d 07h 44m,-05h00m,323.1
2080-06-17 18:40,29d 06h 40m,-06h04m,341.5
2080-07-17 01:21,29d 06h 52m,-05h52m,357.0
2080-08-15 08:13,29d 08h 11m,-04h33m,12.0
2080-09-13 16:25,29d 10h 19m,-02h25m,29.1
2080-10-13 02:44,29d 12h 53m,+00h09m,51.5
2080-11-11 15:37,29d 15h 33m,+02h49m,82.5
2080-12-11 07:09,29d 17h 52m,+05h08m,119.5
2081-01-10 01:02,29d 19h 15m,+06h31m,151.7
2081-02-08 20:17,29d 19h 00m,+06h16m,177.5
2081-03-10 15:17,29d 16h 58m,+04h14m,202.2
2081-04-09 08:15,29d 13h 54m,+01h10m,231.2
2081-05-08 22:09,29d 10h 53m,-01h51m,265.8
2081-06-07 09:01,29d 08h 43m,-04h01m,298.3
2081-07-06 17:44,29d 07h 40m,-05h04m,322.9
2081-08-05 01:24,29d 07h 38m,-05h06m,341.4
2081-09-03 09:01,29d 08h 22m,-04h22m,357.1
2081-10-02 17:23,29d 09h 41m,-03h03m,12.5
2081-11-01 03:04,29d 11h 32m,-01h12m,29.7
2081-11-30 14:36,29d 13h 52m,+01h08m,52.5
2081-12-30 04:28,29d 16h 18m,+03h34m,84.8
2082-01-28 20:46,29d 18h 02m,+05h18m,122.6
2082-02-27 14:48,29d 18h 16m,+05h32m,154.1
2082-03-29 09:05,29d 16h 57m,+04h13m,179.1
2082-04-28 02:02,29d 14h 45m,+02h01m,203.1
2082-05-27 16:47,29d 12h 29m,-00h15m,231.3
2082-06-26 05:16,29d 10h 38m,-02h06m,265.3
2082-07-25 15:54,29d 09h 24m,-03h20m,298.1
2082-08-24 01:18,29d 08h 46m,-03h58m,323.3
2082-09-22 10:04,29d 08h 47m,-03h57m,342.2
2082-10-21 18:50,29d 09h 29m,-03h15m,358.0
2082-11-20 04:19,29d 10h 51m,-01h53m,13.3
2082-12-19 15:11,29d 12h 39m,-00h05m,31.0
2083-01-18 03:50,29d 14h 25m,+01h41m,55.2
2083-02-16 18:15,29d 15h 41m,+02h57m,89.1
2083-03-18 09:56,29d 16h 13m,+03h29m,126.4
2083-04-17 02:09,29d 16h 04m,+03h20m,156.3
2083-05-16 18:14,29d 15h 24m,+02h40m,180.3
2083-06-15 09:37,29d 14h 17m,+01h33m,203.8
2083-07-14 23:54,29d 12h 51m,+00h07m,232.0
2083-08-13 12:45,29d 11h 22m,-01h22m,266.6
2083-09-12 00:07,29d 10h 16m,-02h28m,299.9
2083-10-11 10:23,29d 09h 52m,-02h52m,325.0
2083-11-09 20:15,29d 10h 10m,-02h34m,343.6
2083-12-09 06:25,29d 10h 52m,-01h52m,359.3
2084-01-07 17:17,29d 11h 36m,-01h08m,15.0
2084-02-06 04:53,29d 12h 11m,-00h33m,33.6
2084-03-06 17:04,29d 12h 48m,+00h04m,58.7
2084-04-05 05:52,29d 13h 40m,+00h56m,92.7
2084-05-04 19:32,29d 14h 41m,+01h57m,128.4
2084-06-03 10:13,29d 15h 25m,+02h41m,157.0
2084-07-03 01:38,29d 15h 26m,+02h42m,180.4
2084-08-01 17:04,29d 14h 41m,+01h57m,203.8
2084-08-31 07:45,29d 13h 32m,+00h48m,232.5
2084-09-29 21:16,29d 12h 30m,-00h14m,268.2
2084-10-29 09:47,29d 11h 52m,-00h52m,301.9
2084-11-27 21:39,29d 11h 28m,-01h16m,326.7
2084-12-27 09:07,29d 11h 00m,-01h44m,345.2
2085-01-25 20:07,29d 10h 26m,-02h19m,0.9
2085-02-24 06:32,29d 10h 05m,-02h39m,16.7
2085-03-25 16:37,29d 10h 22m,-02h22m,35.4
2085-04-24 02:59,29d 11h 24m,-01h20m,60.6
2085-05-23 14:23,29d 12h 55m,+00h11m,94.1
2085-06-22 03:18,29d 14h 25m,+01h41m,128.7
2085-07-21 17:43,29d 15h 28m,+02h44m,156.8
2085-08-20 09:10,29d 15h 56m,+03h12m,180.2
2085-09-19 01:07,29d 15h 53m,+03h09m,204.1
2085-10-18 17:00,29d 15h 21m,+02h37m,234.1
2085-11-17 08:21,29d 14h 18m,+01h33m,271.2
2085-12-16 22:38,29d 12h 46m,+00h02m,305.0
2086-01-15 11:24,29d 11h 03m,-01h41m,329.2
2086-02-13 22:27,29d 09h 37m,-03h07m,347.0
2086-03-15 08:04,29d 08h 49m,-03h55m,2.3
2086-04-13 16:53,29d 08h 48m,-03h56m,18.1
2086-05-13 01:41,29d 09h 31m,-03h13m,37.1
2086-06-11 11:12,29d 10h 50m,-01h54m,62.5
2086-07-10 22:02,29d 12h 36m,-00h08m,95.5
2086-08-09 10:38,29d 14h 39m,+01h55m,129.5
2086-09-08 01:17,29d 16h 39m,+03h55m,157.5
2086-10-07 17:56,29d 17h 57m,+05h13m,181.4
2086-11-06 11:53,29d 17h 54m,+05h10m,206.3
2086-12-06 05:48,29d 16h 23m,+03h39m,238.0
2087-01-04 22:11,29d 14h 00m,+01h15m,275.9
2087-02-03 12:10,29d 11h 35m,-01h09m,308.1
2087-03-04 23:45,29d 09h 41m,-03h03m,330.8
2087-04-03 09:26,29d 08h 25m,-04h19m,347.9
2087-05-02 17:51,29d 07h 48m,-04h56m,3.2
2087-06-01 01:38,29d 07h 52m,-04h52m,19.0
2087-06-30 09:31,29d 08h 49m,-03h55m,37.8
2087-07-29 18:20,29d 10h 48m,-01h56m,62.7
2087-08-28 05:08,29d 13h 39m,+00h55m,95.4
2087-09-26 18:47,29d 16h 43m,+03h59m,129.7
2087-10-26 11:29,29d 18h 54m,+06h10m,158.4
2087-11-25 06:23,29d 19h 19m,+06h35m,183.0
2087-12-25 01:42,29d 17h 56m,+05h12m,208.8
2088-01-23 19:38,29d 15h 31m,+02h47m,241.2
2088-02-22 11:09,29d 12h 51m,+00h07m,278.3
2088-03-23 00:00,29d 10h 24m,-02h20m,309.1
2088-04-21 10:25,29d 08h 24m,-04h20m,331.3
2088-05-20 18:49,29d 07h 05m,-05h39m,348.3
2088-06-19 01:54,29d 06h 45m,-05h59m,3.5
2088-07-18 08:38,29d 07h 37m,-05h07m,18.9
2088-08-16 16:15,29d 09h 42m,-03h02m,37.4
2088-09-15 01:58,29d 12h 42m,-00h02m,62.5
2088-10-14 14:39,29d 15h 52m,+03h08m,96.1
2088-11-13 06:31,29d 18h 20m,+05h36m,131.6
2088-12-13 00:52,29d 19h 26m,+06h42m,160.8
2089-01-11 20:17,29d 18h 58m,+06h14m,185.7
2089-02-10 15:16,29d 17h 08m,+04h24m,211.9
2089-03-12 08:24,29d 14h 22m,+01h38m,244.3
2089-04-10 22:45,29d 11h 18m,-01h26m,280.3
2089-05-10 10:03,29d 08h 41m,-04h03m,310.1
2089-06-08 18:44,29d 07h 03m,-05h41m,331.7
2089-07-08 01:47,29d 06h 40m,-06h04m,348.5
2089-08-06 08:28,29d 07h 30m,-05h14m,3.5
2089-09-04 15:58,29d 09h 17m,-03h27m,19.1
2089-10-04 01:15,29d 11h 40m,-01h04m,38.1
2089-11-02 12:55,29d 14h 17m,+01h32m,64.1
2089-12-02 03:11,29d 16h 45m,+04h01m,99.0
2089-12-31 19:57,29d 18h 37m,+05h53m,135.1
2090-01-30 14:34,29d 19h 12m,+06h28m,163.9
2090-03-01 09:46,29d 18h 02m,+05h18m,188.4
2090-03-31 03:48,29d 15h 24m,+02h40m,214.3
2090-04-29 19:12,29d 12h 17m,-00h27m,246.0
2090-05-29 07:29,29d 09h 42m,-03h02m,280.8
2090-06-27 17:11,29d 08h 08m,-04h36m,310.0
2090-07-27 01:19,29d 07h 40m,-05h04m,331.5
2090-08-25 08:59,29d 08h 04m,-04h40m,348.5
2090-09-23 17:03,29d 09h 06m,-03h38m,3.8
2090-10-23 02:09,29d 10h 39m,-02h05m,19.7
2090-11-21 12:48,29d 12h 41m,-00h03m,39.0
2090-12-21 01:29,29d 15h 02m,+02h18m,65.8
2091-01-19 16:31,29d 17h 07m,+04h23m,102.0
2091-02-18 09:38,29d 18h 07m,+05h23m,137.9
2091-03-20 03:46,29d 17h 34m,+04h50m,165.8
2091-04-18 21:20,29d 15h 47m,+03h03m,189.5
2091-05-18 13:07,29d 13h 34m,+00h50m,214.7
2091-06-17 02:41,29d 11h 35m,-01h09m,245.7
2091-07-16 14:15,29d 10h 06m,-02h38m,280.5
2091-08-15 00:22,29d 09h 13m,-03h31m,310.2
2091-09-13 09:34,29d 08h 54m,-03h50m,332.3
2091-10-12 18:29,29d 09h 13m,-03h31m,349.5
2091-11-11 03:42,29d 10h 12m,-02h32m,4.7
2091-12-10 13:54,29d 11h 43m,-01h01m,20.8
2092-01-09 01:37,29d 13h 26m,+00h42m,40.9
2092-02-07 15:03,29d 14h 54m,+02h10m,69.4
2092-03-08 05:56,29d 15h 45m,+03h01m,106.4
2092-04-06 21:41,29d 15h 58m,+03h14m,140.8
2092-05-06 13:39,29d 15h 39m,+02h55m,167.3
2092-06-05 05:17,29d 14h 53m,+02h09m,190.3
2092-07-04 20:10,29d 13h 44m,+01h00m,215.3
2092-08-03 09:54,29d 12h 20m,-00h24m,246.7
2092-09-01 22:14,29d 11h 01m,-01h43m,282.2
2092-10-01 09:15,29d 10h 13m,-02h31m,312.2
2092-10-30 19:29,29d 10h 07m,-02h37m,334.0
2092-11-29 05:36,29d 10h 34m,-02h10m,350.8
2092-12-28 16:10,29d 11h 12m,-01h32m,6.2
2093-01-27 03:22,29d 11h 43m,-01h01m,22.9
2093-02-25 15:05,29d 12h 12m,-00h32m,43.9
2093-03-27 03:18,29d 12h 54m,+00h10m,73.1
2093-04-25 16:12,29d 13h 55m,+01h11m,109.2
2093-05-25 06:07,29d 14h 57m,+02h13m,142.0
2093-06-23 21:04,29d 15h 31m,+02h47m,167.5
2093-07-23 12:36,29d 15h 18m,+02h34m,190.3
2093-08-22 03:53,29d 14h 23m,+01h39m,215.5
2093-09-20 18:16,29d 13h 17m,+00h33m,247.8
2093-10-20 07:33,29d 12h 24m,-00h20m,284.3
2093-11-18 19:58,29d 11h 50m,-00h54m,314.2
2093-12-18 07:47,29d 11h 18m,-01h26m,335.6
2094-01-16 19:05,29d 10h 38m,-02h06m,352.5
2094-02-15 05:43,29d 10h 01m,-02h43m,7.9
2094-03-16 15:44,29d 09h 53m,-02h51m,24.6
2094-04-15 01:37,29d 10h 32m,-02h12m,45.7
2094-05-14 12:09,29d 11h 54m,-00h50m,74.7
2094-06-13 00:03,29d 13h 33m,+00h49m,109.9
2094-07-12 13:37,29d 15h 00m,+02h16m,141.9
2094-08-11 04:37,29d 15h 55m,+03h11m,167.4
2094-09-09 20:31,29d 16h 13m,+03h29m,190.4
2094-10-09 12:44,29d 15h 58m,+03h14m,216.5
2094-11-08 04:42,29d 15h 08m,+02h24m,250.4
2094-12-07 19:50,29d 13h 43m,+00h59m,287.7
2095-01-06 09:33,29d 11h 55m,-00h49m,317.1
2095-02-04 21:28,29d 10h 10m,-02h34m,337.7
2095-03-06 07:39,29d 08h 57m,-03h47m,354.0
2095-04-04 16:36,29d 08h 30m,-04h14m,9.2
2095-05-04 01:06,29d 08h 52m,-03h52m,26.0
2095-06-02 09:58,29d 09h 56m,-02h48m,47.3
2095-07-01 19:54,29d 11h 34m,-01h10m,76.3
2095-07-31 07:29,29d 13h 37m,+00h53m,110.9
2095-08-29 21:05,29d 15h 49m,+03h05m,142.6
2095-09-28 12:54,29d 17h 38m,+04h54m,168.3
2095-10-28 06:32,29d 18h 22m,+05h38m,192.1
2095-11-27 00:54,29d 17h 30m,+04h46m,219.6
2095-12-26 18:24,29d 15h 20m,+02h36m,255.0
2096-01-25 09:45,29d 12h 44m,-00h01m,291.7
2096-02-23 22:28,29d 10h 26m,-02h18m,319.2
2096-03-24 08:55,29d 08h 49m,-03h55m,338.8
2096-04-22 17:43,29d 07h 52m,-04h52m,354.8
2096-05-22 01:35,29d 07h 36m,-05h08m,10.0
2096-06-20 09:12,29d 08h 09m,-04h35m,26.7
2096-07-19 17:20,29d 09h 39m,-03h05m,47.7
2096-08-18 03:00,29d 12h 10m,-00h34m,76.1
2096-09-16 15:10,29d 15h 18m,+02h34m,110.9
2096-10-16 06:28,29d 18h 07m,+05h23m,143.3
2096-11-15 00:35,29d 19h 30m,+06h46m,169.7
2096-12-14 20:05,29d 18h 54m,+06h10m,194.2
2097-01-13 15:00,29d 16h 49m,+04h05m,222.5
2097-02-12 07:49,29d 14h 08m,+01h24m,257.9
2097-03-13 21:56,29d 11h 30m,-01h14m,293.2
2097-04-12 09:26,29d 09h 14m,-03h30m,319.8
2097-05-11 18:40,29d 07h 34m,-05h10m,339.2
2097-06-10 02:13,29d 06h 44m,-06h00m,355.1
2097-07-09 08:58,29d 07h 02m,-05h42m,10.0
2097-08-07 16:00,29d 08h 34m,-04h10m,26.5
2097-09-06 00:33,29d 11h 12m,-01h33m,47.4
2097-10-05 11:45,29d 14h 23m,+01h39m,76.4
2097-11-04 02:08,29d 17h 18m,+04h34m,112.4
2097-12-03 19:26,29d 19h 06m,+06h22m,145.6
2098-01-02 14:32,29d 19h 22m,+06h38m,172.3
2098-02-01 09:54,29d 18h 08m,+05h24m,197.0
2098-03-03 04:02,29d 15h 45m,+03h01m,225.5
2098-04-01 19:47,29d 12h 45m,+00h01m,260.4
2098-05-01 08:32,29d 09h 51m,-02h53m,294.5
2098-05-30 18:23,29d 07h 43m,-05h01m,320.4
2098-06-29 02:06,29d 06h 45m,-05h59m,339.4
2098-07-28 08:51,29d 07h 02m,-05h42m,355.1
2098-08-26 15:53,29d 08h 24m,-04h20m,10.1
2098-09-25 00:17,29d 10h 32m,-02h12m,26.9
2098-10-24 10:49,29d 13h 02m,+00h18m,48.5
2098-11-22 23:51,29d 15h 33m,+02h49m,78.8
2098-12-22 15:24,29d 17h 43m,+04h59m,115.9
2099-01-21 09:07,29d 18h 58m,+06h14m,149.0
2099-02-20 04:06,29d 18h 41m,+05h57m,175.1
2099-03-21 22:46,29d 16h 43m,+03h59m,199.5
2099-04-20 15:30,29d 13h 47m,+01h03m,227.5
2099-05-20 05:16,29d 10h 54m,-01h50m,261.4
2099-06-18 16:10,29d 08h 51m,-03h53m,294.6
2099-07-18 01:01,29d 07h 54m,-04h50m,320.2
2099-08-16 08:54,29d 07h 56m,-04h48m,339.4
2099-09-14 16:51,29d 08h 42m,-04h02m,355.4
2099-10-14 01:32,29d 09h 57m,-02h47m,10.7
2099-11-12 11:29,29d 11h 40m,-01h04m,27.7
2099-12-11 23:09,29d 13h 47m,+01h03m,49.8
2100-01-10 12:56,29d 15h 59m,+03h15m,81.3
2100-02-09 04:55,29d 17h 34m,+04h50m,119.1
2100-03-10 22:29,29d 17h 48m,+05h04m,151.4
2100-04-09 16:16,29d 16h 37m,+03h53m,176.6
2100-05-09 08:54,29d 14h 38m,+01h54m,200.1
2100-06-07 23:31,29d 12h 35m,-00h09m,227.5
2100-07-07 12:06,29d 10h 55m,-01h49m,261.0
2100-08-05 23:02,29d 09h 48m,-02h56m,294.6
2100-09-04 08:50,29d 09h 13m,-03h31m,320.8
2100-10-03 18:03,29d 09h 12m,-03h32m,340.4
2100-11-02 03:14,29d 09h 46m,-02h58m,356.4
2100-12-01 13:01,29d 10h 56m,-01h48m,11.7
2100-12-30 23:56,29d 12h 28m,-00h16m,29.1
